2025-09-05T12:08:54.494946Z  INFO tailwindcss_oxide::scanner: Provided sources:
2025-09-05T12:08:54.495240Z  INFO tailwindcss_oxide::scanner: Source: PublicSourceEntry { base: "/home/jonathascalderon/code/riqo-agency", pattern: "**/*", negated: false }
2025-09-05T12:08:54.495567Z  INFO tailwindcss_oxide::scanner: Optimized sources:
2025-09-05T12:08:54.495614Z  INFO tailwindcss_oxide::scanner: Source: Auto { base: "/home/jonathascalderon/code/riqo-agency" }
2025-09-05T12:08:54.499398Z  INFO scan_sources: tailwindcss_oxide::scanner: enter
2025-09-05T12:08:54.500535Z  INFO scan_sources: tailwindcss_oxide::scanner: Discovering "/home/jonathascalderon/code/riqo-agency/YOUR_EXACT_WORKFLOW.md"
2025-09-05T12:08:54.500893Z  INFO scan_sources: tailwindcss_oxide::scanner: Discovering "/home/jonathascalderon/code/riqo-agency/messages"
2025-09-05T12:08:54.501015Z  INFO scan_sources: tailwindcss_oxide::scanner: Discovering "/home/jonathascalderon/code/riqo-agency/messages/en.json"
2025-09-05T12:08:54.501132Z  INFO scan_sources: tailwindcss_oxide::scanner: Discovering "/home/jonathascalderon/code/riqo-agency/messages/es.json"
2025-09-05T12:08:54.501189Z  INFO scan_sources: tailwindcss_oxide::scanner: Discovering "/home/jonathascalderon/code/riqo-agency/SETUP_UPLOAD_SYSTEM.md"
2025-09-05T12:08:54.501306Z  INFO scan_sources: tailwindcss_oxide::scanner: Discovering "/home/jonathascalderon/code/riqo-agency/configure-user.html"
2025-09-05T12:08:54.501441Z  INFO scan_sources: tailwindcss_oxide::scanner: Discovering "/home/jonathascalderon/code/riqo-agency/README.md"
2025-09-05T12:08:54.501549Z  INFO scan_sources: tailwindcss_oxide::scanner: Discovering "/home/jonathascalderon/code/riqo-agency/SETUP_EXISTING_TABLES.md"
2025-09-05T12:08:54.501610Z  INFO scan_sources: tailwindcss_oxide::scanner: Discovering "/home/jonathascalderon/code/riqo-agency/debug-csv.html"
2025-09-05T12:08:54.501733Z  INFO scan_sources: tailwindcss_oxide::scanner: Discovering "/home/jonathascalderon/code/riqo-agency/eslint.config.mjs"
2025-09-05T12:08:54.501836Z  INFO scan_sources: tailwindcss_oxide::scanner: Discovering "/home/jonathascalderon/code/riqo-agency/TROUBLESHOOTING.md"
2025-09-05T12:08:54.501882Z  INFO scan_sources: tailwindcss_oxide::scanner: Discovering "/home/jonathascalderon/code/riqo-agency/tsconfig.json"
2025-09-05T12:08:54.502052Z  INFO scan_sources: tailwindcss_oxide::scanner: Discovering "/home/jonathascalderon/code/riqo-agency/requirements.txt"
2025-09-05T12:08:54.502255Z  INFO scan_sources: tailwindcss_oxide::scanner: Discovering "/home/jonathascalderon/code/riqo-agency/DEPLOYMENT.md"
2025-09-05T12:08:54.502362Z  INFO scan_sources: tailwindcss_oxide::scanner: Discovering "/home/jonathascalderon/code/riqo-agency/git-setup.md"
2025-09-05T12:08:54.502411Z  INFO scan_sources: tailwindcss_oxide::scanner: Discovering "/home/jonathascalderon/code/riqo-agency/client-database-setup.sql"
2025-09-05T12:08:54.502488Z  INFO scan_sources: tailwindcss_oxide::scanner: Discovering "/home/jonathascalderon/code/riqo-agency/postcss.config.mjs"
2025-09-05T12:08:54.502585Z  INFO scan_sources: tailwindcss_oxide::scanner: Discovering "/home/jonathascalderon/code/riqo-agency/.github"
2025-09-05T12:08:54.502736Z  INFO scan_sources: tailwindcss_oxide::scanner: Discovering "/home/jonathascalderon/code/riqo-agency/.github/workflows"
2025-09-05T12:08:54.502867Z  INFO scan_sources: tailwindcss_oxide::scanner: Discovering "/home/jonathascalderon/code/riqo-agency/.github/workflows/ci.yml"
2025-09-05T12:08:54.502969Z  INFO scan_sources: tailwindcss_oxide::scanner: Discovering "/home/jonathascalderon/code/riqo-agency/LICENSE"
2025-09-05T12:08:54.503049Z  INFO scan_sources: tailwindcss_oxide::scanner: Discovering "/home/jonathascalderon/code/riqo-agency/public"
2025-09-05T12:08:54.503206Z  INFO scan_sources: tailwindcss_oxide::scanner: Discovering "/home/jonathascalderon/code/riqo-agency/public/globe.svg"
2025-09-05T12:08:54.503280Z  INFO scan_sources: tailwindcss_oxide::scanner: Discovering "/home/jonathascalderon/code/riqo-agency/public/riqo-logo-simple.svg"
2025-09-05T12:08:54.503318Z  INFO scan_sources: tailwindcss_oxide::scanner: Discovering "/home/jonathascalderon/code/riqo-agency/public/window.svg"
2025-09-05T12:08:54.503408Z  INFO scan_sources: tailwindcss_oxide::scanner: Discovering "/home/jonathascalderon/code/riqo-agency/public/vercel.svg"
2025-09-05T12:08:54.503462Z  INFO scan_sources: tailwindcss_oxide::scanner: Discovering "/home/jonathascalderon/code/riqo-agency/public/next.svg"
2025-09-05T12:08:54.503538Z  INFO scan_sources: tailwindcss_oxide::scanner: Discovering "/home/jonathascalderon/code/riqo-agency/public/file.svg"
2025-09-05T12:08:54.503575Z  INFO scan_sources: tailwindcss_oxide::scanner: Discovering "/home/jonathascalderon/code/riqo-agency/public/riqo-logo.svg"
2025-09-05T12:08:54.503662Z  INFO scan_sources: tailwindcss_oxide::scanner: Discovering "/home/jonathascalderon/code/riqo-agency/public/riqo-logo-simple-light.svg"
2025-09-05T12:08:54.503713Z  INFO scan_sources: tailwindcss_oxide::scanner: Discovering "/home/jonathascalderon/code/riqo-agency/public/clients"
2025-09-05T12:08:54.503833Z  INFO scan_sources: tailwindcss_oxide::scanner: Discovering "/home/jonathascalderon/code/riqo-agency/public/clients/comprafacil-logo.svg"
2025-09-05T12:08:54.503923Z  INFO scan_sources: tailwindcss_oxide::scanner: Discovering "/home/jonathascalderon/code/riqo-agency/public/riqo-logo-light.svg"
2025-09-05T12:08:54.503988Z  INFO scan_sources: tailwindcss_oxide::scanner: Discovering "/home/jonathascalderon/code/riqo-agency/next.config.ts"
2025-09-05T12:08:54.504101Z  INFO scan_sources: tailwindcss_oxide::scanner: Discovering "/home/jonathascalderon/code/riqo-agency/package.json"
2025-09-05T12:08:54.504201Z  INFO scan_sources: tailwindcss_oxide::scanner: Discovering "/home/jonathascalderon/code/riqo-agency/src"
2025-09-05T12:08:54.504329Z  INFO scan_sources: tailwindcss_oxide::scanner: Discovering "/home/jonathascalderon/code/riqo-agency/src/app"
2025-09-05T12:08:54.504503Z  INFO scan_sources: tailwindcss_oxide::scanner: Discovering "/home/jonathascalderon/code/riqo-agency/src/app/globals.css"
2025-09-05T12:08:54.504574Z  INFO scan_sources: tailwindcss_oxide::scanner: Discovering "/home/jonathascalderon/code/riqo-agency/src/app/api"
2025-09-05T12:08:54.504752Z  INFO scan_sources: tailwindcss_oxide::scanner: Discovering "/home/jonathascalderon/code/riqo-agency/src/app/api/test-client-db"
2025-09-05T12:08:54.504851Z  INFO scan_sources: tailwindcss_oxide::scanner: Discovering "/home/jonathascalderon/code/riqo-agency/src/app/api/test-client-db/route.ts"
2025-09-05T12:08:54.505020Z  INFO scan_sources: tailwindcss_oxide::scanner: Discovering "/home/jonathascalderon/code/riqo-agency/src/app/api/upload"
2025-09-05T12:08:54.505115Z  INFO scan_sources: tailwindcss_oxide::scanner: Discovering "/home/jonathascalderon/code/riqo-agency/src/app/api/upload/status"
2025-09-05T12:08:54.505301Z  INFO scan_sources: tailwindcss_oxide::scanner: Discovering "/home/jonathascalderon/code/riqo-agency/src/app/api/upload/status/[uploadId]"
2025-09-05T12:08:54.505389Z  INFO scan_sources: tailwindcss_oxide::scanner: Discovering "/home/jonathascalderon/code/riqo-agency/src/app/api/upload/status/[uploadId]/route.ts"
2025-09-05T12:08:54.505521Z  INFO scan_sources: tailwindcss_oxide::scanner: Discovering "/home/jonathascalderon/code/riqo-agency/src/app/api/upload/route.ts"
2025-09-05T12:08:54.505605Z  INFO scan_sources: tailwindcss_oxide::scanner: Discovering "/home/jonathascalderon/code/riqo-agency/src/app/api/debug-csv"
2025-09-05T12:08:54.505781Z  INFO scan_sources: tailwindcss_oxide::scanner: Discovering "/home/jonathascalderon/code/riqo-agency/src/app/api/debug-csv/route.ts"
2025-09-05T12:08:54.505880Z  INFO scan_sources: tailwindcss_oxide::scanner: Discovering "/home/jonathascalderon/code/riqo-agency/src/app/api/debug-client-db"
2025-09-05T12:08:54.505970Z  INFO scan_sources: tailwindcss_oxide::scanner: Discovering "/home/jonathascalderon/code/riqo-agency/src/app/api/debug-client-db/route.ts"
2025-09-05T12:08:54.506067Z  INFO scan_sources: tailwindcss_oxide::scanner: Discovering "/home/jonathascalderon/code/riqo-agency/src/app/api/clients"
2025-09-05T12:08:54.506190Z  INFO scan_sources: tailwindcss_oxide::scanner: Discovering "/home/jonathascalderon/code/riqo-agency/src/app/api/clients/route.ts"
2025-09-05T12:08:54.506282Z  INFO scan_sources: tailwindcss_oxide::scanner: Discovering "/home/jonathascalderon/code/riqo-agency/src/app/api/admin"
2025-09-05T12:08:54.506380Z  INFO scan_sources: tailwindcss_oxide::scanner: Discovering "/home/jonathascalderon/code/riqo-agency/src/app/api/admin/configure-user"
2025-09-05T12:08:54.506523Z  INFO scan_sources: tailwindcss_oxide::scanner: Discovering "/home/jonathascalderon/code/riqo-agency/src/app/api/admin/configure-user/route.ts"
2025-09-05T12:08:54.506623Z  INFO scan_sources: tailwindcss_oxide::scanner: Discovering "/home/jonathascalderon/code/riqo-agency/src/app/api/admin/get-user-by-email"
2025-09-05T12:08:54.506734Z  INFO scan_sources: tailwindcss_oxide::scanner: Discovering "/home/jonathascalderon/code/riqo-agency/src/app/api/admin/get-user-by-email/route.ts"
2025-09-05T12:08:54.506917Z  INFO scan_sources: tailwindcss_oxide::scanner: Discovering "/home/jonathascalderon/code/riqo-agency/src/app/dashboard"
2025-09-05T12:08:54.507029Z  INFO scan_sources: tailwindcss_oxide::scanner: Discovering "/home/jonathascalderon/code/riqo-agency/src/app/dashboard/page.tsx"
2025-09-05T12:08:54.507187Z  INFO scan_sources: tailwindcss_oxide::scanner: Discovering "/home/jonathascalderon/code/riqo-agency/src/app/page.tsx"
2025-09-05T12:08:54.507245Z  INFO scan_sources: tailwindcss_oxide::scanner: Discovering "/home/jonathascalderon/code/riqo-agency/src/app/auth"
2025-09-05T12:08:54.507334Z  INFO scan_sources: tailwindcss_oxide::scanner: Discovering "/home/jonathascalderon/code/riqo-agency/src/app/auth/signup"
2025-09-05T12:08:54.507453Z  INFO scan_sources: tailwindcss_oxide::scanner: Discovering "/home/jonathascalderon/code/riqo-agency/src/app/auth/signup/page.tsx"
2025-09-05T12:08:54.507542Z  INFO scan_sources: tailwindcss_oxide::scanner: Discovering "/home/jonathascalderon/code/riqo-agency/src/app/auth/signin"
2025-09-05T12:08:54.507632Z  INFO scan_sources: tailwindcss_oxide::scanner: Discovering "/home/jonathascalderon/code/riqo-agency/src/app/auth/signin/page.tsx"
2025-09-05T12:08:54.507708Z  INFO scan_sources: tailwindcss_oxide::scanner: Discovering "/home/jonathascalderon/code/riqo-agency/src/app/[locale]"
2025-09-05T12:08:54.507802Z  INFO scan_sources: tailwindcss_oxide::scanner: Discovering "/home/jonathascalderon/code/riqo-agency/src/app/[locale]/dashboard"
2025-09-05T12:08:54.507920Z  INFO scan_sources: tailwindcss_oxide::scanner: Discovering "/home/jonathascalderon/code/riqo-agency/src/app/[locale]/dashboard/page.tsx"
2025-09-05T12:08:54.507995Z  INFO scan_sources: tailwindcss_oxide::scanner: Discovering "/home/jonathascalderon/code/riqo-agency/src/app/[locale]/page.tsx"
2025-09-05T12:08:54.508048Z  INFO scan_sources: tailwindcss_oxide::scanner: Discovering "/home/jonathascalderon/code/riqo-agency/src/app/[locale]/auth"
2025-09-05T12:08:54.508170Z  INFO scan_sources: tailwindcss_oxide::scanner: Discovering "/home/jonathascalderon/code/riqo-agency/src/app/[locale]/auth/signup"
2025-09-05T12:08:54.508259Z  INFO scan_sources: tailwindcss_oxide::scanner: Discovering "/home/jonathascalderon/code/riqo-agency/src/app/[locale]/auth/signup/page.tsx"
2025-09-05T12:08:54.508347Z  INFO scan_sources: tailwindcss_oxide::scanner: Discovering "/home/jonathascalderon/code/riqo-agency/src/app/[locale]/auth/signin"
2025-09-05T12:08:54.508447Z  INFO scan_sources: tailwindcss_oxide::scanner: Discovering "/home/jonathascalderon/code/riqo-agency/src/app/[locale]/auth/signin/page.tsx"
2025-09-05T12:08:54.508522Z  INFO scan_sources: tailwindcss_oxide::scanner: Discovering "/home/jonathascalderon/code/riqo-agency/src/app/[locale]/layout.tsx"
2025-09-05T12:08:54.508601Z  INFO scan_sources: tailwindcss_oxide::scanner: Discovering "/home/jonathascalderon/code/riqo-agency/src/app/layout.tsx"
2025-09-05T12:08:54.508663Z  INFO scan_sources: tailwindcss_oxide::scanner: Discovering "/home/jonathascalderon/code/riqo-agency/src/components"
2025-09-05T12:08:54.508789Z  INFO scan_sources: tailwindcss_oxide::scanner: Discovering "/home/jonathascalderon/code/riqo-agency/src/components/navigation.tsx"
2025-09-05T12:08:54.508858Z  INFO scan_sources: tailwindcss_oxide::scanner: Discovering "/home/jonathascalderon/code/riqo-agency/src/components/auth"
2025-09-05T12:08:54.508953Z  INFO scan_sources: tailwindcss_oxide::scanner: Discovering "/home/jonathascalderon/code/riqo-agency/src/components/auth/protected-route.tsx"
2025-09-05T12:08:54.509035Z  INFO scan_sources: tailwindcss_oxide::scanner: Discovering "/home/jonathascalderon/code/riqo-agency/src/components/demo-request-modal.tsx"
2025-09-05T12:08:54.509114Z  INFO scan_sources: tailwindcss_oxide::scanner: Discovering "/home/jonathascalderon/code/riqo-agency/src/components/footer.tsx"
2025-09-05T12:08:54.509185Z  INFO scan_sources: tailwindcss_oxide::scanner: Discovering "/home/jonathascalderon/code/riqo-agency/src/components/sections"
2025-09-05T12:08:54.509240Z  INFO scan_sources: tailwindcss_oxide::scanner: Discovering "/home/jonathascalderon/code/riqo-agency/src/components/sections/clients.tsx"
2025-09-05T12:08:54.509292Z  INFO scan_sources: tailwindcss_oxide::scanner: Discovering "/home/jonathascalderon/code/riqo-agency/src/components/sections/pricing.tsx"
2025-09-05T12:08:54.509318Z  INFO scan_sources: tailwindcss_oxide::scanner: Discovering "/home/jonathascalderon/code/riqo-agency/src/components/sections/about.tsx"
2025-09-05T12:08:54.509349Z  INFO scan_sources: tailwindcss_oxide::scanner: Discovering "/home/jonathascalderon/code/riqo-agency/src/components/sections/services.tsx"
2025-09-05T12:08:54.509415Z  INFO scan_sources: tailwindcss_oxide::scanner: Discovering "/home/jonathascalderon/code/riqo-agency/src/components/sections/contact.tsx"
2025-09-05T12:08:54.509450Z  INFO scan_sources: tailwindcss_oxide::scanner: Discovering "/home/jonathascalderon/code/riqo-agency/src/components/sections/hero.tsx"
2025-09-05T12:08:54.509535Z  INFO scan_sources: tailwindcss_oxide::scanner: Discovering "/home/jonathascalderon/code/riqo-agency/src/components/ui"
2025-09-05T12:08:54.509590Z  INFO scan_sources: tailwindcss_oxide::scanner: Discovering "/home/jonathascalderon/code/riqo-agency/src/components/ui/card.tsx"
2025-09-05T12:08:54.509674Z  INFO scan_sources: tailwindcss_oxide::scanner: Discovering "/home/jonathascalderon/code/riqo-agency/src/components/ui/textarea.tsx"
2025-09-05T12:08:54.509701Z  INFO scan_sources: tailwindcss_oxide::scanner: Discovering "/home/jonathascalderon/code/riqo-agency/src/components/ui/input.tsx"
2025-09-05T12:08:54.509727Z  INFO scan_sources: tailwindcss_oxide::scanner: Discovering "/home/jonathascalderon/code/riqo-agency/src/components/ui/button.tsx"
2025-09-05T12:08:54.509796Z  INFO scan_sources: tailwindcss_oxide::scanner: Discovering "/home/jonathascalderon/code/riqo-agency/src/types"
2025-09-05T12:08:54.509851Z  INFO scan_sources: tailwindcss_oxide::scanner: Discovering "/home/jonathascalderon/code/riqo-agency/src/types/database.ts"
2025-09-05T12:08:54.509912Z  INFO scan_sources: tailwindcss_oxide::scanner: Discovering "/home/jonathascalderon/code/riqo-agency/src/middleware.ts"
2025-09-05T12:08:54.509945Z  INFO scan_sources: tailwindcss_oxide::scanner: Discovering "/home/jonathascalderon/code/riqo-agency/src/lib"
2025-09-05T12:08:54.510025Z  INFO scan_sources: tailwindcss_oxide::scanner: Discovering "/home/jonathascalderon/code/riqo-agency/src/lib/auth"
2025-09-05T12:08:54.510075Z  INFO scan_sources: tailwindcss_oxide::scanner: Discovering "/home/jonathascalderon/code/riqo-agency/src/lib/auth/auth-context.tsx"
2025-09-05T12:08:54.510137Z  INFO scan_sources: tailwindcss_oxide::scanner: Discovering "/home/jonathascalderon/code/riqo-agency/src/lib/utils.ts"
2025-09-05T12:08:54.510174Z  INFO scan_sources: tailwindcss_oxide::scanner: Discovering "/home/jonathascalderon/code/riqo-agency/src/lib/encoding-utils.ts"
2025-09-05T12:08:54.510243Z  INFO scan_sources: tailwindcss_oxide::scanner: Discovering "/home/jonathascalderon/code/riqo-agency/src/lib/supabase"
2025-09-05T12:08:54.510317Z  INFO scan_sources: tailwindcss_oxide::scanner: Discovering "/home/jonathascalderon/code/riqo-agency/src/lib/supabase/server.ts"
2025-09-05T12:08:54.510384Z  INFO scan_sources: tailwindcss_oxide::scanner: Discovering "/home/jonathascalderon/code/riqo-agency/src/lib/supabase/client.ts"
2025-09-05T12:08:54.510409Z  INFO scan_sources: tailwindcss_oxide::scanner: Discovering "/home/jonathascalderon/code/riqo-agency/src/lib/supabase/client-db.ts"
2025-09-05T12:08:54.510472Z  INFO scan_sources: tailwindcss_oxide::scanner: Discovering "/home/jonathascalderon/code/riqo-agency/src/i18n"
2025-09-05T12:08:54.510553Z  INFO scan_sources: tailwindcss_oxide::scanner: Discovering "/home/jonathascalderon/code/riqo-agency/src/i18n/request.ts"
2025-09-05T12:08:54.510588Z  INFO scan_sources: tailwindcss_oxide::scanner: Discovering "/home/jonathascalderon/code/riqo-agency/src/i18n/routing.ts"
2025-09-05T12:08:54.510724Z  INFO scan_sources: tailwindcss_oxide::scanner: Discovering "/home/jonathascalderon/code/riqo-agency/scripts"
2025-09-05T12:08:54.510813Z  INFO scan_sources: tailwindcss_oxide::scanner: Discovering "/home/jonathascalderon/code/riqo-agency/scripts/process_csv.py"
2025-09-05T12:08:54.510913Z  INFO scan_sources: tailwindcss_oxide::scanner: Discovering "/home/jonathascalderon/code/riqo-agency/supabase"
2025-09-05T12:08:54.511026Z  INFO scan_sources: tailwindcss_oxide::scanner: Discovering "/home/jonathascalderon/code/riqo-agency/supabase/migrations"
2025-09-05T12:08:54.511143Z  INFO scan_sources: tailwindcss_oxide::scanner: Discovering "/home/jonathascalderon/code/riqo-agency/supabase/migrations/001_client_management.sql"
2025-09-05T12:08:54.511299Z  INFO scan_sources: tailwindcss_oxide::scanner: exit
2025-09-05T12:08:54.511378Z  INFO extract_candidates: tailwindcss_oxide::scanner: enter
2025-09-05T12:08:54.511429Z  INFO extract_candidates:read_all_files: tailwindcss_oxide::scanner: enter
2025-09-05T12:08:54.511452Z  INFO extract_candidates:read_all_files: tailwindcss_oxide::scanner: Reading 74 file(s)
2025-09-05T12:08:54.513463Z  INFO tailwindcss_oxide::scanner: Reading "/home/jonathascalderon/code/riqo-agency/messages/en.json"
2025-09-05T12:08:54.513463Z  INFO tailwindcss_oxide::scanner: Reading "/home/jonathascalderon/code/riqo-agency/messages/es.json"
2025-09-05T12:08:54.514616Z  INFO tailwindcss_oxide::scanner: Reading "/home/jonathascalderon/code/riqo-agency/src/app/api/admin/get-user-by-email/route.ts"
2025-09-05T12:08:54.514702Z  INFO tailwindcss_oxide::scanner: Reading "/home/jonathascalderon/code/riqo-agency/configure-user.html"
2025-09-05T12:08:54.514718Z  INFO tailwindcss_oxide::scanner: Reading "/home/jonathascalderon/code/riqo-agency/public/globe.svg"
2025-09-05T12:08:54.514740Z  INFO tailwindcss_oxide::scanner: Reading "/home/jonathascalderon/code/riqo-agency/YOUR_EXACT_WORKFLOW.md"
2025-09-05T12:08:54.514762Z  INFO tailwindcss_oxide::scanner: Reading "/home/jonathascalderon/code/riqo-agency/TROUBLESHOOTING.md"
2025-09-05T12:08:54.514811Z  INFO tailwindcss_oxide::scanner: Reading "/home/jonathascalderon/code/riqo-agency/tsconfig.json"
2025-09-05T12:08:54.514738Z  INFO tailwindcss_oxide::scanner: Reading "/home/jonathascalderon/code/riqo-agency/requirements.txt"
2025-09-05T12:08:54.514883Z  INFO tailwindcss_oxide::scanner: Reading "/home/jonathascalderon/code/riqo-agency/SETUP_UPLOAD_SYSTEM.md"
2025-09-05T12:08:54.514963Z  INFO tailwindcss_oxide::scanner: Reading "/home/jonathascalderon/code/riqo-agency/postcss.config.mjs"
2025-09-05T12:08:54.514616Z  INFO tailwindcss_oxide::scanner: Reading "/home/jonathascalderon/code/riqo-agency/git-setup.md"
2025-09-05T12:08:54.515403Z  INFO tailwindcss_oxide::scanner: Reading "/home/jonathascalderon/code/riqo-agency/src/components/sections/services.tsx"
2025-09-05T12:08:54.515549Z  INFO tailwindcss_oxide::scanner: Reading "/home/jonathascalderon/code/riqo-agency/DEPLOYMENT.md"
2025-09-05T12:08:54.515560Z  INFO tailwindcss_oxide::scanner: Reading "/home/jonathascalderon/code/riqo-agency/src/app/dashboard/page.tsx"
2025-09-05T12:08:54.515596Z  INFO tailwindcss_oxide::scanner: Reading "/home/jonathascalderon/code/riqo-agency/public/riqo-logo-simple.svg"
2025-09-05T12:08:54.515677Z  INFO tailwindcss_oxide::scanner: Reading "/home/jonathascalderon/code/riqo-agency/README.md"
2025-09-05T12:08:54.515679Z  INFO tailwindcss_oxide::scanner: Reading "/home/jonathascalderon/code/riqo-agency/.github/workflows/ci.yml"
2025-09-05T12:08:54.515806Z  INFO tailwindcss_oxide::scanner: Reading "/home/jonathascalderon/code/riqo-agency/client-database-setup.sql"
2025-09-05T12:08:54.518346Z  INFO tailwindcss_oxide::scanner: Reading "/home/jonathascalderon/code/riqo-agency/src/lib/auth/auth-context.tsx"
2025-09-05T12:08:54.518386Z  INFO tailwindcss_oxide::scanner: Reading "/home/jonathascalderon/code/riqo-agency/LICENSE"
2025-09-05T12:08:54.518409Z  INFO tailwindcss_oxide::scanner: Reading "/home/jonathascalderon/code/riqo-agency/src/app/page.tsx"
2025-09-05T12:08:54.518440Z  INFO tailwindcss_oxide::scanner: Reading "/home/jonathascalderon/code/riqo-agency/SETUP_EXISTING_TABLES.md"
2025-09-05T12:08:54.518399Z  INFO tailwindcss_oxide::scanner: Reading "/home/jonathascalderon/code/riqo-agency/public/window.svg"
2025-09-05T12:08:54.518403Z  INFO tailwindcss_oxide::scanner: Reading "/home/jonathascalderon/code/riqo-agency/src/components/sections/contact.tsx"
2025-09-05T12:08:54.518473Z  INFO tailwindcss_oxide::scanner: Reading "/home/jonathascalderon/code/riqo-agency/src/lib/supabase/client-db.ts"
2025-09-05T12:08:54.518444Z  INFO tailwindcss_oxide::scanner: Reading "/home/jonathascalderon/code/riqo-agency/src/components/ui/textarea.tsx"
2025-09-05T12:08:54.518758Z  INFO tailwindcss_oxide::scanner: Reading "/home/jonathascalderon/code/riqo-agency/src/i18n/request.ts"
2025-09-05T12:08:54.518446Z  INFO tailwindcss_oxide::scanner: Reading "/home/jonathascalderon/code/riqo-agency/public/riqo-logo-light.svg"
2025-09-05T12:08:54.518829Z  INFO tailwindcss_oxide::scanner: Reading "/home/jonathascalderon/code/riqo-agency/src/i18n/routing.ts"
2025-09-05T12:08:54.518898Z  INFO tailwindcss_oxide::scanner: Reading "/home/jonathascalderon/code/riqo-agency/next.config.ts"
2025-09-05T12:08:54.518939Z  INFO tailwindcss_oxide::scanner: Reading "/home/jonathascalderon/code/riqo-agency/package.json"
2025-09-05T12:08:54.519449Z  INFO tailwindcss_oxide::scanner: Reading "/home/jonathascalderon/code/riqo-agency/src/components/ui/input.tsx"
2025-09-05T12:08:54.519547Z  INFO tailwindcss_oxide::scanner: Reading "/home/jonathascalderon/code/riqo-agency/src/app/auth/signup/page.tsx"
2025-09-05T12:08:54.519579Z  INFO tailwindcss_oxide::scanner: Reading "/home/jonathascalderon/code/riqo-agency/src/components/sections/hero.tsx"
2025-09-05T12:08:54.519526Z  INFO tailwindcss_oxide::scanner: Reading "/home/jonathascalderon/code/riqo-agency/debug-csv.html"
2025-09-05T12:08:54.519661Z  INFO tailwindcss_oxide::scanner: Reading "/home/jonathascalderon/code/riqo-agency/scripts/process_csv.py"
2025-09-05T12:08:54.519507Z  INFO tailwindcss_oxide::scanner: Reading "/home/jonathascalderon/code/riqo-agency/src/lib/utils.ts"
2025-09-05T12:08:54.519590Z  INFO tailwindcss_oxide::scanner: Reading "/home/jonathascalderon/code/riqo-agency/public/vercel.svg"
2025-09-05T12:08:54.519785Z  INFO tailwindcss_oxide::scanner: Reading "/home/jonathascalderon/code/riqo-agency/src/lib/encoding-utils.ts"
2025-09-05T12:08:54.519933Z  INFO tailwindcss_oxide::scanner: Reading "/home/jonathascalderon/code/riqo-agency/src/lib/supabase/server.ts"
2025-09-05T12:08:54.520932Z  INFO tailwindcss_oxide::scanner: Reading "/home/jonathascalderon/code/riqo-agency/src/lib/supabase/client.ts"
2025-09-05T12:08:54.521019Z  INFO tailwindcss_oxide::scanner: Reading "/home/jonathascalderon/code/riqo-agency/src/components/ui/card.tsx"
2025-09-05T12:08:54.521033Z  INFO tailwindcss_oxide::scanner: Reading "/home/jonathascalderon/code/riqo-agency/src/components/ui/button.tsx"
2025-09-05T12:08:54.521052Z  INFO tailwindcss_oxide::scanner: Reading "/home/jonathascalderon/code/riqo-agency/supabase/migrations/001_client_management.sql"
2025-09-05T12:08:54.521075Z  INFO tailwindcss_oxide::scanner: Reading "/home/jonathascalderon/code/riqo-agency/src/types/database.ts"
2025-09-05T12:08:54.521117Z  INFO tailwindcss_oxide::scanner: Reading "/home/jonathascalderon/code/riqo-agency/src/app/api/upload/route.ts"
2025-09-05T12:08:54.521159Z  INFO tailwindcss_oxide::scanner: Reading "/home/jonathascalderon/code/riqo-agency/public/next.svg"
2025-09-05T12:08:54.521029Z  INFO tailwindcss_oxide::scanner: Reading "/home/jonathascalderon/code/riqo-agency/src/app/auth/signin/page.tsx"
2025-09-05T12:08:54.521026Z  INFO tailwindcss_oxide::scanner: Reading "/home/jonathascalderon/code/riqo-agency/src/app/api/test-client-db/route.ts"
2025-09-05T12:08:54.521280Z  INFO tailwindcss_oxide::scanner: Reading "/home/jonathascalderon/code/riqo-agency/src/middleware.ts"
2025-09-05T12:08:54.521134Z  INFO tailwindcss_oxide::scanner: Reading "/home/jonathascalderon/code/riqo-agency/src/app/api/clients/route.ts"
2025-09-05T12:08:54.521324Z  INFO tailwindcss_oxide::scanner: Reading "/home/jonathascalderon/code/riqo-agency/src/app/api/upload/status/[uploadId]/route.ts"
2025-09-05T12:08:54.521099Z  INFO tailwindcss_oxide::scanner: Reading "/home/jonathascalderon/code/riqo-agency/src/app/api/debug-client-db/route.ts"
2025-09-05T12:08:54.521314Z  INFO tailwindcss_oxide::scanner: Reading "/home/jonathascalderon/code/riqo-agency/eslint.config.mjs"
2025-09-05T12:08:54.521812Z  INFO tailwindcss_oxide::scanner: Reading "/home/jonathascalderon/code/riqo-agency/src/app/api/admin/configure-user/route.ts"
2025-09-05T12:08:54.521849Z  INFO tailwindcss_oxide::scanner: Reading "/home/jonathascalderon/code/riqo-agency/src/components/demo-request-modal.tsx"
2025-09-05T12:08:54.521865Z  INFO tailwindcss_oxide::scanner: Reading "/home/jonathascalderon/code/riqo-agency/src/app/[locale]/layout.tsx"
2025-09-05T12:08:54.521900Z  INFO tailwindcss_oxide::scanner: Reading "/home/jonathascalderon/code/riqo-agency/src/app/layout.tsx"
2025-09-05T12:08:54.521920Z  INFO tailwindcss_oxide::scanner: Reading "/home/jonathascalderon/code/riqo-agency/src/components/navigation.tsx"
2025-09-05T12:08:54.521837Z  INFO tailwindcss_oxide::scanner: Reading "/home/jonathascalderon/code/riqo-agency/src/app/[locale]/dashboard/page.tsx"
2025-09-05T12:08:54.521901Z  INFO tailwindcss_oxide::scanner: Reading "/home/jonathascalderon/code/riqo-agency/src/app/api/debug-csv/route.ts"
2025-09-05T12:08:54.521859Z  INFO tailwindcss_oxide::scanner: Reading "/home/jonathascalderon/code/riqo-agency/src/components/sections/clients.tsx"
2025-09-05T12:08:54.521830Z  INFO tailwindcss_oxide::scanner: Reading "/home/jonathascalderon/code/riqo-agency/public/file.svg"
2025-09-05T12:08:54.522484Z  INFO tailwindcss_oxide::scanner: Reading "/home/jonathascalderon/code/riqo-agency/src/components/sections/about.tsx"
2025-09-05T12:08:54.522486Z  INFO tailwindcss_oxide::scanner: Reading "/home/jonathascalderon/code/riqo-agency/src/components/sections/pricing.tsx"
2025-09-05T12:08:54.522569Z  INFO tailwindcss_oxide::scanner: Reading "/home/jonathascalderon/code/riqo-agency/src/components/footer.tsx"
2025-09-05T12:08:54.522556Z  INFO tailwindcss_oxide::scanner: Reading "/home/jonathascalderon/code/riqo-agency/public/riqo-logo.svg"
2025-09-05T12:08:54.522580Z  INFO tailwindcss_oxide::scanner: Reading "/home/jonathascalderon/code/riqo-agency/src/app/[locale]/page.tsx"
2025-09-05T12:08:54.522560Z  INFO tailwindcss_oxide::scanner: Reading "/home/jonathascalderon/code/riqo-agency/src/components/auth/protected-route.tsx"
2025-09-05T12:08:54.522581Z  INFO tailwindcss_oxide::scanner: Reading "/home/jonathascalderon/code/riqo-agency/public/riqo-logo-simple-light.svg"
2025-09-05T12:08:54.523141Z  INFO tailwindcss_oxide::scanner: Reading "/home/jonathascalderon/code/riqo-agency/src/app/[locale]/auth/signup/page.tsx"
2025-09-05T12:08:54.523285Z  INFO tailwindcss_oxide::scanner: Reading "/home/jonathascalderon/code/riqo-agency/src/app/[locale]/auth/signin/page.tsx"
2025-09-05T12:08:54.526332Z  INFO tailwindcss_oxide::scanner: Reading "/home/jonathascalderon/code/riqo-agency/public/clients/comprafacil-logo.svg"
2025-09-05T12:08:54.527873Z  INFO extract_candidates:read_all_files: tailwindcss_oxide::scanner: exit
2025-09-05T12:08:54.528002Z  INFO extract_candidates:parse_all_blobs: tailwindcss_oxide::scanner: enter
2025-09-05T12:08:54.528033Z  INFO extract_candidates:parse_all_blobs:extract: tailwindcss_oxide::scanner: enter
2025-09-05T12:08:54.534502Z  INFO extract_candidates:parse_all_blobs:extract: tailwindcss_oxide::scanner: exit
2025-09-05T12:08:54.534602Z  INFO extract_candidates:parse_all_blobs: tailwindcss_oxide::scanner: exit
2025-09-05T12:08:54.534616Z  INFO extract_candidates:read_all_files: tailwindcss_oxide::scanner: enter
2025-09-05T12:08:54.534639Z  INFO extract_candidates:read_all_files: tailwindcss_oxide::scanner: Reading 1 file(s)
2025-09-05T12:08:54.534683Z  INFO extract_candidates:read_all_files: tailwindcss_oxide::scanner: Reading "/home/jonathascalderon/code/riqo-agency/src/app/globals.css"
2025-09-05T12:08:54.534696Z  INFO extract_candidates:read_all_files: tailwindcss_oxide::scanner: exit
2025-09-05T12:08:54.534708Z  INFO extract_candidates:extract_css_variables: tailwindcss_oxide::scanner: enter
2025-09-05T12:08:54.534718Z  INFO extract_candidates:extract_css_variables:extract: tailwindcss_oxide::scanner: enter
2025-09-05T12:08:54.535241Z  INFO extract_candidates:extract_css_variables:extract: tailwindcss_oxide::scanner: exit
2025-09-05T12:08:54.535331Z  INFO extract_candidates:extract_css_variables: tailwindcss_oxide::scanner: exit
2025-09-05T12:08:54.540453Z  INFO extract_candidates: tailwindcss_oxide::scanner: exit
2025-09-05T12:08:54.542864Z  INFO get_files: tailwindcss_oxide::scanner: enter
2025-09-05T12:08:54.543009Z  INFO get_files:scan_sources: tailwindcss_oxide::scanner: enter
2025-09-05T12:08:54.543944Z  INFO get_files:scan_sources: tailwindcss_oxide::scanner: Discovering "/home/jonathascalderon/code/riqo-agency/messages"
2025-09-05T12:08:54.544655Z  INFO get_files:scan_sources: tailwindcss_oxide::scanner: Discovering "/home/jonathascalderon/code/riqo-agency/.github"
2025-09-05T12:08:54.544919Z  INFO get_files:scan_sources: tailwindcss_oxide::scanner: Discovering "/home/jonathascalderon/code/riqo-agency/.github/workflows"
2025-09-05T12:08:54.545169Z  INFO get_files:scan_sources: tailwindcss_oxide::scanner: Discovering "/home/jonathascalderon/code/riqo-agency/public"
2025-09-05T12:08:54.545439Z  INFO get_files:scan_sources: tailwindcss_oxide::scanner: Discovering "/home/jonathascalderon/code/riqo-agency/public/clients"
2025-09-05T12:08:54.545774Z  INFO get_files:scan_sources: tailwindcss_oxide::scanner: Discovering "/home/jonathascalderon/code/riqo-agency/src"
2025-09-05T12:08:54.545920Z  INFO get_files:scan_sources: tailwindcss_oxide::scanner: Discovering "/home/jonathascalderon/code/riqo-agency/src/app"
2025-09-05T12:08:54.546047Z  INFO get_files:scan_sources: tailwindcss_oxide::scanner: Discovering "/home/jonathascalderon/code/riqo-agency/src/app/api"
2025-09-05T12:08:54.546143Z  INFO get_files:scan_sources: tailwindcss_oxide::scanner: Discovering "/home/jonathascalderon/code/riqo-agency/src/app/api/test-client-db"
2025-09-05T12:08:54.546220Z  INFO get_files:scan_sources: tailwindcss_oxide::scanner: Discovering "/home/jonathascalderon/code/riqo-agency/src/app/api/upload"
2025-09-05T12:08:54.546304Z  INFO get_files:scan_sources: tailwindcss_oxide::scanner: Discovering "/home/jonathascalderon/code/riqo-agency/src/app/api/upload/status"
2025-09-05T12:08:54.546363Z  INFO get_files:scan_sources: tailwindcss_oxide::scanner: Discovering "/home/jonathascalderon/code/riqo-agency/src/app/api/upload/status/[uploadId]"
2025-09-05T12:08:54.546492Z  INFO get_files:scan_sources: tailwindcss_oxide::scanner: Discovering "/home/jonathascalderon/code/riqo-agency/src/app/api/debug-csv"
2025-09-05T12:08:54.546594Z  INFO get_files:scan_sources: tailwindcss_oxide::scanner: Discovering "/home/jonathascalderon/code/riqo-agency/src/app/api/debug-client-db"
2025-09-05T12:08:54.546697Z  INFO get_files:scan_sources: tailwindcss_oxide::scanner: Discovering "/home/jonathascalderon/code/riqo-agency/src/app/api/clients"
2025-09-05T12:08:54.546797Z  INFO get_files:scan_sources: tailwindcss_oxide::scanner: Discovering "/home/jonathascalderon/code/riqo-agency/src/app/api/admin"
2025-09-05T12:08:54.546895Z  INFO get_files:scan_sources: tailwindcss_oxide::scanner: Discovering "/home/jonathascalderon/code/riqo-agency/src/app/api/admin/configure-user"
2025-09-05T12:08:54.547020Z  INFO get_files:scan_sources: tailwindcss_oxide::scanner: Discovering "/home/jonathascalderon/code/riqo-agency/src/app/api/admin/get-user-by-email"
2025-09-05T12:08:54.547307Z  INFO get_files:scan_sources: tailwindcss_oxide::scanner: Discovering "/home/jonathascalderon/code/riqo-agency/src/app/dashboard"
2025-09-05T12:08:54.547480Z  INFO get_files:scan_sources: tailwindcss_oxide::scanner: Discovering "/home/jonathascalderon/code/riqo-agency/src/app/auth"
2025-09-05T12:08:54.547666Z  INFO get_files:scan_sources: tailwindcss_oxide::scanner: Discovering "/home/jonathascalderon/code/riqo-agency/src/app/auth/signup"
2025-09-05T12:08:54.547803Z  INFO get_files:scan_sources: tailwindcss_oxide::scanner: Discovering "/home/jonathascalderon/code/riqo-agency/src/app/auth/signin"
2025-09-05T12:08:54.547925Z  INFO get_files:scan_sources: tailwindcss_oxide::scanner: Discovering "/home/jonathascalderon/code/riqo-agency/src/app/[locale]"
2025-09-05T12:08:54.548010Z  INFO get_files:scan_sources: tailwindcss_oxide::scanner: Discovering "/home/jonathascalderon/code/riqo-agency/src/app/[locale]/dashboard"
2025-09-05T12:08:54.548093Z  INFO get_files:scan_sources: tailwindcss_oxide::scanner: Discovering "/home/jonathascalderon/code/riqo-agency/src/app/[locale]/auth"
2025-09-05T12:08:54.548176Z  INFO get_files:scan_sources: tailwindcss_oxide::scanner: Discovering "/home/jonathascalderon/code/riqo-agency/src/app/[locale]/auth/signup"
2025-09-05T12:08:54.548250Z  INFO get_files:scan_sources: tailwindcss_oxide::scanner: Discovering "/home/jonathascalderon/code/riqo-agency/src/app/[locale]/auth/signin"
2025-09-05T12:08:54.548395Z  INFO get_files:scan_sources: tailwindcss_oxide::scanner: Discovering "/home/jonathascalderon/code/riqo-agency/src/components"
2025-09-05T12:08:54.548493Z  INFO get_files:scan_sources: tailwindcss_oxide::scanner: Discovering "/home/jonathascalderon/code/riqo-agency/src/components/auth"
2025-09-05T12:08:54.548650Z  INFO get_files:scan_sources: tailwindcss_oxide::scanner: Discovering "/home/jonathascalderon/code/riqo-agency/src/components/sections"
2025-09-05T12:08:54.548802Z  INFO get_files:scan_sources: tailwindcss_oxide::scanner: Discovering "/home/jonathascalderon/code/riqo-agency/src/components/ui"
2025-09-05T12:08:54.548988Z  INFO get_files:scan_sources: tailwindcss_oxide::scanner: Discovering "/home/jonathascalderon/code/riqo-agency/src/types"
2025-09-05T12:08:54.549114Z  INFO get_files:scan_sources: tailwindcss_oxide::scanner: Discovering "/home/jonathascalderon/code/riqo-agency/src/lib"
2025-09-05T12:08:54.549196Z  INFO get_files:scan_sources: tailwindcss_oxide::scanner: Discovering "/home/jonathascalderon/code/riqo-agency/src/lib/auth"
2025-09-05T12:08:54.549298Z  INFO get_files:scan_sources: tailwindcss_oxide::scanner: Discovering "/home/jonathascalderon/code/riqo-agency/src/lib/supabase"
2025-09-05T12:08:54.549435Z  INFO get_files:scan_sources: tailwindcss_oxide::scanner: Discovering "/home/jonathascalderon/code/riqo-agency/src/i18n"
2025-09-05T12:08:54.549616Z  INFO get_files:scan_sources: tailwindcss_oxide::scanner: Discovering "/home/jonathascalderon/code/riqo-agency/scripts"
2025-09-05T12:08:54.549724Z  INFO get_files:scan_sources: tailwindcss_oxide::scanner: Discovering "/home/jonathascalderon/code/riqo-agency/supabase"
2025-09-05T12:08:54.549850Z  INFO get_files:scan_sources: tailwindcss_oxide::scanner: Discovering "/home/jonathascalderon/code/riqo-agency/supabase/migrations"
2025-09-05T12:08:54.549987Z  INFO get_files:scan_sources: tailwindcss_oxide::scanner: exit
2025-09-05T12:08:54.551281Z  INFO get_files: tailwindcss_oxide::scanner: exit
2025-09-05T12:08:54.551772Z  INFO get_globs: tailwindcss_oxide::scanner: enter
2025-09-05T12:08:54.551851Z  INFO get_globs:scan_sources: tailwindcss_oxide::scanner: enter
2025-09-05T12:08:54.552722Z  INFO get_globs:scan_sources: tailwindcss_oxide::scanner: Discovering "/home/jonathascalderon/code/riqo-agency/messages"
2025-09-05T12:08:54.553463Z  INFO get_globs:scan_sources: tailwindcss_oxide::scanner: Discovering "/home/jonathascalderon/code/riqo-agency/.github"
2025-09-05T12:08:54.553605Z  INFO get_globs:scan_sources: tailwindcss_oxide::scanner: Discovering "/home/jonathascalderon/code/riqo-agency/.github/workflows"
2025-09-05T12:08:54.553802Z  INFO get_globs:scan_sources: tailwindcss_oxide::scanner: Discovering "/home/jonathascalderon/code/riqo-agency/public"
2025-09-05T12:08:54.554124Z  INFO get_globs:scan_sources: tailwindcss_oxide::scanner: Discovering "/home/jonathascalderon/code/riqo-agency/public/clients"
2025-09-05T12:08:54.554481Z  INFO get_globs:scan_sources: tailwindcss_oxide::scanner: Discovering "/home/jonathascalderon/code/riqo-agency/src"
2025-09-05T12:08:54.554648Z  INFO get_globs:scan_sources: tailwindcss_oxide::scanner: Discovering "/home/jonathascalderon/code/riqo-agency/src/app"
2025-09-05T12:08:54.554760Z  INFO get_globs:scan_sources: tailwindcss_oxide::scanner: Discovering "/home/jonathascalderon/code/riqo-agency/src/app/api"
2025-09-05T12:08:54.554877Z  INFO get_globs:scan_sources: tailwindcss_oxide::scanner: Discovering "/home/jonathascalderon/code/riqo-agency/src/app/api/test-client-db"
2025-09-05T12:08:54.555195Z  INFO get_globs:scan_sources: tailwindcss_oxide::scanner: Discovering "/home/jonathascalderon/code/riqo-agency/src/app/api/upload"
2025-09-05T12:08:54.555302Z  INFO get_globs:scan_sources: tailwindcss_oxide::scanner: Discovering "/home/jonathascalderon/code/riqo-agency/src/app/api/upload/status"
2025-09-05T12:08:54.555431Z  INFO get_globs:scan_sources: tailwindcss_oxide::scanner: Discovering "/home/jonathascalderon/code/riqo-agency/src/app/api/upload/status/[uploadId]"
2025-09-05T12:08:54.555568Z  INFO get_globs:scan_sources: tailwindcss_oxide::scanner: Discovering "/home/jonathascalderon/code/riqo-agency/src/app/api/debug-csv"
2025-09-05T12:08:54.555716Z  INFO get_globs:scan_sources: tailwindcss_oxide::scanner: Discovering "/home/jonathascalderon/code/riqo-agency/src/app/api/debug-client-db"
2025-09-05T12:08:54.555872Z  INFO get_globs:scan_sources: tailwindcss_oxide::scanner: Discovering "/home/jonathascalderon/code/riqo-agency/src/app/api/clients"
2025-09-05T12:08:54.555988Z  INFO get_globs:scan_sources: tailwindcss_oxide::scanner: Discovering "/home/jonathascalderon/code/riqo-agency/src/app/api/admin"
2025-09-05T12:08:54.556108Z  INFO get_globs:scan_sources: tailwindcss_oxide::scanner: Discovering "/home/jonathascalderon/code/riqo-agency/src/app/api/admin/configure-user"
2025-09-05T12:08:54.556246Z  INFO get_globs:scan_sources: tailwindcss_oxide::scanner: Discovering "/home/jonathascalderon/code/riqo-agency/src/app/api/admin/get-user-by-email"
2025-09-05T12:08:54.556372Z  INFO get_globs:scan_sources: tailwindcss_oxide::scanner: Discovering "/home/jonathascalderon/code/riqo-agency/src/app/dashboard"
2025-09-05T12:08:54.556779Z  INFO get_globs:scan_sources: tailwindcss_oxide::scanner: Discovering "/home/jonathascalderon/code/riqo-agency/src/app/auth"
2025-09-05T12:08:54.556967Z  INFO get_globs:scan_sources: tailwindcss_oxide::scanner: Discovering "/home/jonathascalderon/code/riqo-agency/src/app/auth/signup"
2025-09-05T12:08:54.557228Z  INFO get_globs:scan_sources: tailwindcss_oxide::scanner: Discovering "/home/jonathascalderon/code/riqo-agency/src/app/auth/signin"
2025-09-05T12:08:54.557454Z  INFO get_globs:scan_sources: tailwindcss_oxide::scanner: Discovering "/home/jonathascalderon/code/riqo-agency/src/app/[locale]"
2025-09-05T12:08:54.557652Z  INFO get_globs:scan_sources: tailwindcss_oxide::scanner: Discovering "/home/jonathascalderon/code/riqo-agency/src/app/[locale]/dashboard"
2025-09-05T12:08:54.557889Z  INFO get_globs:scan_sources: tailwindcss_oxide::scanner: Discovering "/home/jonathascalderon/code/riqo-agency/src/app/[locale]/auth"
2025-09-05T12:08:54.558098Z  INFO get_globs:scan_sources: tailwindcss_oxide::scanner: Discovering "/home/jonathascalderon/code/riqo-agency/src/app/[locale]/auth/signup"
2025-09-05T12:08:54.558328Z  INFO get_globs:scan_sources: tailwindcss_oxide::scanner: Discovering "/home/jonathascalderon/code/riqo-agency/src/app/[locale]/auth/signin"
2025-09-05T12:08:54.558711Z  INFO get_globs:scan_sources: tailwindcss_oxide::scanner: Discovering "/home/jonathascalderon/code/riqo-agency/src/components"
2025-09-05T12:08:54.559183Z  INFO get_globs:scan_sources: tailwindcss_oxide::scanner: Discovering "/home/jonathascalderon/code/riqo-agency/src/components/auth"
2025-09-05T12:08:54.559390Z  INFO get_globs:scan_sources: tailwindcss_oxide::scanner: Discovering "/home/jonathascalderon/code/riqo-agency/src/components/sections"
2025-09-05T12:08:54.559606Z  INFO get_globs:scan_sources: tailwindcss_oxide::scanner: Discovering "/home/jonathascalderon/code/riqo-agency/src/components/ui"
2025-09-05T12:08:54.559808Z  INFO get_globs:scan_sources: tailwindcss_oxide::scanner: Discovering "/home/jonathascalderon/code/riqo-agency/src/types"
2025-09-05T12:08:54.559977Z  INFO get_globs:scan_sources: tailwindcss_oxide::scanner: Discovering "/home/jonathascalderon/code/riqo-agency/src/lib"
2025-09-05T12:08:54.560100Z  INFO get_globs:scan_sources: tailwindcss_oxide::scanner: Discovering "/home/jonathascalderon/code/riqo-agency/src/lib/auth"
2025-09-05T12:08:54.560255Z  INFO get_globs:scan_sources: tailwindcss_oxide::scanner: Discovering "/home/jonathascalderon/code/riqo-agency/src/lib/supabase"
2025-09-05T12:08:54.560404Z  INFO get_globs:scan_sources: tailwindcss_oxide::scanner: Discovering "/home/jonathascalderon/code/riqo-agency/src/i18n"
2025-09-05T12:08:54.560582Z  INFO get_globs:scan_sources: tailwindcss_oxide::scanner: Discovering "/home/jonathascalderon/code/riqo-agency/scripts"
2025-09-05T12:08:54.560775Z  INFO get_globs:scan_sources: tailwindcss_oxide::scanner: Discovering "/home/jonathascalderon/code/riqo-agency/supabase"
2025-09-05T12:08:54.560892Z  INFO get_globs:scan_sources: tailwindcss_oxide::scanner: Discovering "/home/jonathascalderon/code/riqo-agency/supabase/migrations"
2025-09-05T12:08:54.561120Z  INFO get_globs:scan_sources: tailwindcss_oxide::scanner: exit
2025-09-05T12:08:54.568386Z  INFO get_globs: tailwindcss_oxide::scanner: exit
2025-09-05T12:11:57.557883Z  INFO scan_sources: tailwindcss_oxide::scanner: enter
2025-09-05T12:11:57.559045Z  INFO scan_sources: tailwindcss_oxide::scanner: Discovering "/home/jonathascalderon/code/riqo-agency/messages"
2025-09-05T12:11:57.559773Z  INFO scan_sources: tailwindcss_oxide::scanner: Discovering "/home/jonathascalderon/code/riqo-agency/test-upload.js"
2025-09-05T12:11:57.560029Z  INFO scan_sources: tailwindcss_oxide::scanner: Discovering "/home/jonathascalderon/code/riqo-agency/.github"
2025-09-05T12:11:57.560142Z  INFO scan_sources: tailwindcss_oxide::scanner: Discovering "/home/jonathascalderon/code/riqo-agency/.github/workflows"
2025-09-05T12:11:57.560324Z  INFO scan_sources: tailwindcss_oxide::scanner: Discovering "/home/jonathascalderon/code/riqo-agency/public"
2025-09-05T12:11:57.560563Z  INFO scan_sources: tailwindcss_oxide::scanner: Discovering "/home/jonathascalderon/code/riqo-agency/public/clients"
2025-09-05T12:11:57.560767Z  INFO scan_sources: tailwindcss_oxide::scanner: Discovering "/home/jonathascalderon/code/riqo-agency/src"
2025-09-05T12:11:57.560861Z  INFO scan_sources: tailwindcss_oxide::scanner: Discovering "/home/jonathascalderon/code/riqo-agency/src/app"
2025-09-05T12:11:57.561004Z  INFO scan_sources: tailwindcss_oxide::scanner: Discovering "/home/jonathascalderon/code/riqo-agency/src/app/api"
2025-09-05T12:11:57.561144Z  INFO scan_sources: tailwindcss_oxide::scanner: Discovering "/home/jonathascalderon/code/riqo-agency/src/app/api/test-client-db"
2025-09-05T12:11:57.561289Z  INFO scan_sources: tailwindcss_oxide::scanner: Discovering "/home/jonathascalderon/code/riqo-agency/src/app/api/upload"
2025-09-05T12:11:57.561402Z  INFO scan_sources: tailwindcss_oxide::scanner: Discovering "/home/jonathascalderon/code/riqo-agency/src/app/api/upload/status"
2025-09-05T12:11:57.561529Z  INFO scan_sources: tailwindcss_oxide::scanner: Discovering "/home/jonathascalderon/code/riqo-agency/src/app/api/upload/status/[uploadId]"
2025-09-05T12:11:57.561689Z  INFO scan_sources: tailwindcss_oxide::scanner: Discovering "/home/jonathascalderon/code/riqo-agency/src/app/api/upload/route.ts"
2025-09-05T12:11:57.561783Z  INFO scan_sources: tailwindcss_oxide::scanner: Discovering "/home/jonathascalderon/code/riqo-agency/src/app/api/debug-csv"
2025-09-05T12:11:57.561927Z  INFO scan_sources: tailwindcss_oxide::scanner: Discovering "/home/jonathascalderon/code/riqo-agency/src/app/api/debug-client-db"
2025-09-05T12:11:57.562068Z  INFO scan_sources: tailwindcss_oxide::scanner: Discovering "/home/jonathascalderon/code/riqo-agency/src/app/api/clients"
2025-09-05T12:11:57.562209Z  INFO scan_sources: tailwindcss_oxide::scanner: Discovering "/home/jonathascalderon/code/riqo-agency/src/app/api/admin"
2025-09-05T12:11:57.562318Z  INFO scan_sources: tailwindcss_oxide::scanner: Discovering "/home/jonathascalderon/code/riqo-agency/src/app/api/admin/configure-user"
2025-09-05T12:11:57.562470Z  INFO scan_sources: tailwindcss_oxide::scanner: Discovering "/home/jonathascalderon/code/riqo-agency/src/app/api/admin/get-user-by-email"
2025-09-05T12:11:57.562625Z  INFO scan_sources: tailwindcss_oxide::scanner: Discovering "/home/jonathascalderon/code/riqo-agency/src/app/dashboard"
2025-09-05T12:11:57.562792Z  INFO scan_sources: tailwindcss_oxide::scanner: Discovering "/home/jonathascalderon/code/riqo-agency/src/app/auth"
2025-09-05T12:11:57.562924Z  INFO scan_sources: tailwindcss_oxide::scanner: Discovering "/home/jonathascalderon/code/riqo-agency/src/app/auth/signup"
2025-09-05T12:11:57.563025Z  INFO scan_sources: tailwindcss_oxide::scanner: Discovering "/home/jonathascalderon/code/riqo-agency/src/app/auth/signin"
2025-09-05T12:11:57.563161Z  INFO scan_sources: tailwindcss_oxide::scanner: Discovering "/home/jonathascalderon/code/riqo-agency/src/app/[locale]"
2025-09-05T12:11:57.563232Z  INFO scan_sources: tailwindcss_oxide::scanner: Discovering "/home/jonathascalderon/code/riqo-agency/src/app/[locale]/dashboard"
2025-09-05T12:11:57.563370Z  INFO scan_sources: tailwindcss_oxide::scanner: Discovering "/home/jonathascalderon/code/riqo-agency/src/app/[locale]/auth"
2025-09-05T12:11:57.563486Z  INFO scan_sources: tailwindcss_oxide::scanner: Discovering "/home/jonathascalderon/code/riqo-agency/src/app/[locale]/auth/signup"
2025-09-05T12:11:57.563588Z  INFO scan_sources: tailwindcss_oxide::scanner: Discovering "/home/jonathascalderon/code/riqo-agency/src/app/[locale]/auth/signin"
2025-09-05T12:11:57.563792Z  INFO scan_sources: tailwindcss_oxide::scanner: Discovering "/home/jonathascalderon/code/riqo-agency/src/components"
2025-09-05T12:11:57.563958Z  INFO scan_sources: tailwindcss_oxide::scanner: Discovering "/home/jonathascalderon/code/riqo-agency/src/components/auth"
2025-09-05T12:11:57.564154Z  INFO scan_sources: tailwindcss_oxide::scanner: Discovering "/home/jonathascalderon/code/riqo-agency/src/components/sections"
2025-09-05T12:11:57.564360Z  INFO scan_sources: tailwindcss_oxide::scanner: Discovering "/home/jonathascalderon/code/riqo-agency/src/components/ui"
2025-09-05T12:11:57.564551Z  INFO scan_sources: tailwindcss_oxide::scanner: Discovering "/home/jonathascalderon/code/riqo-agency/src/types"
2025-09-05T12:11:57.564779Z  INFO scan_sources: tailwindcss_oxide::scanner: Discovering "/home/jonathascalderon/code/riqo-agency/src/lib"
2025-09-05T12:11:57.564952Z  INFO scan_sources: tailwindcss_oxide::scanner: Discovering "/home/jonathascalderon/code/riqo-agency/src/lib/auth"
2025-09-05T12:11:57.566729Z  INFO scan_sources: tailwindcss_oxide::scanner: Discovering "/home/jonathascalderon/code/riqo-agency/src/lib/supabase"
2025-09-05T12:11:57.566980Z  INFO scan_sources: tailwindcss_oxide::scanner: Discovering "/home/jonathascalderon/code/riqo-agency/src/i18n"
2025-09-05T12:11:57.567284Z  INFO scan_sources: tailwindcss_oxide::scanner: Discovering "/home/jonathascalderon/code/riqo-agency/scripts"
2025-09-05T12:11:57.567640Z  INFO scan_sources: tailwindcss_oxide::scanner: Discovering "/home/jonathascalderon/code/riqo-agency/supabase"
2025-09-05T12:11:57.567843Z  INFO scan_sources: tailwindcss_oxide::scanner: Discovering "/home/jonathascalderon/code/riqo-agency/supabase/migrations"
2025-09-05T12:11:57.568122Z  INFO scan_sources: tailwindcss_oxide::scanner: exit
2025-09-05T12:11:57.568194Z  INFO extract_candidates: tailwindcss_oxide::scanner: enter
2025-09-05T12:11:57.568208Z  INFO extract_candidates:read_all_files: tailwindcss_oxide::scanner: enter
2025-09-05T12:11:57.568216Z  INFO extract_candidates:read_all_files: tailwindcss_oxide::scanner: Reading 2 file(s)
2025-09-05T12:11:57.568510Z  INFO tailwindcss_oxide::scanner: Reading "/home/jonathascalderon/code/riqo-agency/test-upload.js"
2025-09-05T12:11:57.568594Z  INFO tailwindcss_oxide::scanner: Reading "/home/jonathascalderon/code/riqo-agency/src/app/api/upload/route.ts"
2025-09-05T12:11:57.569075Z  INFO extract_candidates:read_all_files: tailwindcss_oxide::scanner: exit
2025-09-05T12:11:57.569164Z  INFO extract_candidates:parse_all_blobs: tailwindcss_oxide::scanner: enter
2025-09-05T12:11:57.569176Z  INFO extract_candidates:parse_all_blobs:extract: tailwindcss_oxide::scanner: enter
2025-09-05T12:11:57.573246Z  INFO extract_candidates:parse_all_blobs:extract: tailwindcss_oxide::scanner: exit
2025-09-05T12:11:57.573341Z  INFO extract_candidates:parse_all_blobs: tailwindcss_oxide::scanner: exit
2025-09-05T12:11:57.573816Z  INFO extract_candidates: tailwindcss_oxide::scanner: exit
2025-09-05T12:11:57.575845Z  INFO get_files: tailwindcss_oxide::scanner: enter
2025-09-05T12:11:57.575944Z  INFO get_files:scan_sources: tailwindcss_oxide::scanner: enter
2025-09-05T12:11:57.576888Z  INFO get_files:scan_sources: tailwindcss_oxide::scanner: Discovering "/home/jonathascalderon/code/riqo-agency/messages"
2025-09-05T12:11:57.577664Z  INFO get_files:scan_sources: tailwindcss_oxide::scanner: Discovering "/home/jonathascalderon/code/riqo-agency/.github"
2025-09-05T12:11:57.577745Z  INFO get_files:scan_sources: tailwindcss_oxide::scanner: Discovering "/home/jonathascalderon/code/riqo-agency/.github/workflows"
2025-09-05T12:11:57.577893Z  INFO get_files:scan_sources: tailwindcss_oxide::scanner: Discovering "/home/jonathascalderon/code/riqo-agency/public"
2025-09-05T12:11:57.578108Z  INFO get_files:scan_sources: tailwindcss_oxide::scanner: Discovering "/home/jonathascalderon/code/riqo-agency/public/clients"
2025-09-05T12:11:57.578293Z  INFO get_files:scan_sources: tailwindcss_oxide::scanner: Discovering "/home/jonathascalderon/code/riqo-agency/src"
2025-09-05T12:11:57.578370Z  INFO get_files:scan_sources: tailwindcss_oxide::scanner: Discovering "/home/jonathascalderon/code/riqo-agency/src/app"
2025-09-05T12:11:57.578459Z  INFO get_files:scan_sources: tailwindcss_oxide::scanner: Discovering "/home/jonathascalderon/code/riqo-agency/src/app/api"
2025-09-05T12:11:57.578602Z  INFO get_files:scan_sources: tailwindcss_oxide::scanner: Discovering "/home/jonathascalderon/code/riqo-agency/src/app/api/test-client-db"
2025-09-05T12:11:57.578706Z  INFO get_files:scan_sources: tailwindcss_oxide::scanner: Discovering "/home/jonathascalderon/code/riqo-agency/src/app/api/upload"
2025-09-05T12:11:57.578781Z  INFO get_files:scan_sources: tailwindcss_oxide::scanner: Discovering "/home/jonathascalderon/code/riqo-agency/src/app/api/upload/status"
2025-09-05T12:11:57.578861Z  INFO get_files:scan_sources: tailwindcss_oxide::scanner: Discovering "/home/jonathascalderon/code/riqo-agency/src/app/api/upload/status/[uploadId]"
2025-09-05T12:11:57.578996Z  INFO get_files:scan_sources: tailwindcss_oxide::scanner: Discovering "/home/jonathascalderon/code/riqo-agency/src/app/api/debug-csv"
2025-09-05T12:11:57.579094Z  INFO get_files:scan_sources: tailwindcss_oxide::scanner: Discovering "/home/jonathascalderon/code/riqo-agency/src/app/api/debug-client-db"
2025-09-05T12:11:57.579185Z  INFO get_files:scan_sources: tailwindcss_oxide::scanner: Discovering "/home/jonathascalderon/code/riqo-agency/src/app/api/clients"
2025-09-05T12:11:57.579281Z  INFO get_files:scan_sources: tailwindcss_oxide::scanner: Discovering "/home/jonathascalderon/code/riqo-agency/src/app/api/admin"
2025-09-05T12:11:57.579504Z  INFO get_files:scan_sources: tailwindcss_oxide::scanner: Discovering "/home/jonathascalderon/code/riqo-agency/src/app/api/admin/configure-user"
2025-09-05T12:11:57.579656Z  INFO get_files:scan_sources: tailwindcss_oxide::scanner: Discovering "/home/jonathascalderon/code/riqo-agency/src/app/api/admin/get-user-by-email"
2025-09-05T12:11:57.579774Z  INFO get_files:scan_sources: tailwindcss_oxide::scanner: Discovering "/home/jonathascalderon/code/riqo-agency/src/app/dashboard"
2025-09-05T12:11:57.579904Z  INFO get_files:scan_sources: tailwindcss_oxide::scanner: Discovering "/home/jonathascalderon/code/riqo-agency/src/app/auth"
2025-09-05T12:11:57.579973Z  INFO get_files:scan_sources: tailwindcss_oxide::scanner: Discovering "/home/jonathascalderon/code/riqo-agency/src/app/auth/signup"
2025-09-05T12:11:57.580079Z  INFO get_files:scan_sources: tailwindcss_oxide::scanner: Discovering "/home/jonathascalderon/code/riqo-agency/src/app/auth/signin"
2025-09-05T12:11:57.580192Z  INFO get_files:scan_sources: tailwindcss_oxide::scanner: Discovering "/home/jonathascalderon/code/riqo-agency/src/app/[locale]"
2025-09-05T12:11:57.580268Z  INFO get_files:scan_sources: tailwindcss_oxide::scanner: Discovering "/home/jonathascalderon/code/riqo-agency/src/app/[locale]/dashboard"
2025-09-05T12:11:57.580376Z  INFO get_files:scan_sources: tailwindcss_oxide::scanner: Discovering "/home/jonathascalderon/code/riqo-agency/src/app/[locale]/auth"
2025-09-05T12:11:57.580448Z  INFO get_files:scan_sources: tailwindcss_oxide::scanner: Discovering "/home/jonathascalderon/code/riqo-agency/src/app/[locale]/auth/signup"
2025-09-05T12:11:57.580593Z  INFO get_files:scan_sources: tailwindcss_oxide::scanner: Discovering "/home/jonathascalderon/code/riqo-agency/src/app/[locale]/auth/signin"
2025-09-05T12:11:57.580801Z  INFO get_files:scan_sources: tailwindcss_oxide::scanner: Discovering "/home/jonathascalderon/code/riqo-agency/src/components"
2025-09-05T12:11:57.580896Z  INFO get_files:scan_sources: tailwindcss_oxide::scanner: Discovering "/home/jonathascalderon/code/riqo-agency/src/components/auth"
2025-09-05T12:11:57.581066Z  INFO get_files:scan_sources: tailwindcss_oxide::scanner: Discovering "/home/jonathascalderon/code/riqo-agency/src/components/sections"
2025-09-05T12:11:57.581258Z  INFO get_files:scan_sources: tailwindcss_oxide::scanner: Discovering "/home/jonathascalderon/code/riqo-agency/src/components/ui"
2025-09-05T12:11:57.581436Z  INFO get_files:scan_sources: tailwindcss_oxide::scanner: Discovering "/home/jonathascalderon/code/riqo-agency/src/types"
2025-09-05T12:11:57.581583Z  INFO get_files:scan_sources: tailwindcss_oxide::scanner: Discovering "/home/jonathascalderon/code/riqo-agency/src/lib"
2025-09-05T12:11:57.581681Z  INFO get_files:scan_sources: tailwindcss_oxide::scanner: Discovering "/home/jonathascalderon/code/riqo-agency/src/lib/auth"
2025-09-05T12:11:57.581797Z  INFO get_files:scan_sources: tailwindcss_oxide::scanner: Discovering "/home/jonathascalderon/code/riqo-agency/src/lib/supabase"
2025-09-05T12:11:57.581939Z  INFO get_files:scan_sources: tailwindcss_oxide::scanner: Discovering "/home/jonathascalderon/code/riqo-agency/src/i18n"
2025-09-05T12:11:57.582117Z  INFO get_files:scan_sources: tailwindcss_oxide::scanner: Discovering "/home/jonathascalderon/code/riqo-agency/scripts"
2025-09-05T12:11:57.582236Z  INFO get_files:scan_sources: tailwindcss_oxide::scanner: Discovering "/home/jonathascalderon/code/riqo-agency/supabase"
2025-09-05T12:11:57.582322Z  INFO get_files:scan_sources: tailwindcss_oxide::scanner: Discovering "/home/jonathascalderon/code/riqo-agency/supabase/migrations"
2025-09-05T12:11:57.582474Z  INFO get_files:scan_sources: tailwindcss_oxide::scanner: exit
2025-09-05T12:11:57.582926Z  INFO get_files: tailwindcss_oxide::scanner: exit
2025-09-05T12:11:57.583741Z  INFO get_globs: tailwindcss_oxide::scanner: enter
2025-09-05T12:11:57.583838Z  INFO get_globs: tailwindcss_oxide::scanner: exit
2025-09-05T12:11:57.710903Z  INFO scan_sources: tailwindcss_oxide::scanner: enter
2025-09-05T12:11:57.711814Z  INFO scan_sources: tailwindcss_oxide::scanner: Discovering "/home/jonathascalderon/code/riqo-agency/messages"
2025-09-05T12:11:57.712604Z  INFO scan_sources: tailwindcss_oxide::scanner: Discovering "/home/jonathascalderon/code/riqo-agency/.github"
2025-09-05T12:11:57.712723Z  INFO scan_sources: tailwindcss_oxide::scanner: Discovering "/home/jonathascalderon/code/riqo-agency/.github/workflows"
2025-09-05T12:11:57.712893Z  INFO scan_sources: tailwindcss_oxide::scanner: Discovering "/home/jonathascalderon/code/riqo-agency/public"
2025-09-05T12:11:57.713127Z  INFO scan_sources: tailwindcss_oxide::scanner: Discovering "/home/jonathascalderon/code/riqo-agency/public/clients"
2025-09-05T12:11:57.713414Z  INFO scan_sources: tailwindcss_oxide::scanner: Discovering "/home/jonathascalderon/code/riqo-agency/src"
2025-09-05T12:11:57.713543Z  INFO scan_sources: tailwindcss_oxide::scanner: Discovering "/home/jonathascalderon/code/riqo-agency/src/app"
2025-09-05T12:11:57.713692Z  INFO scan_sources: tailwindcss_oxide::scanner: Discovering "/home/jonathascalderon/code/riqo-agency/src/app/api"
2025-09-05T12:11:57.713853Z  INFO scan_sources: tailwindcss_oxide::scanner: Discovering "/home/jonathascalderon/code/riqo-agency/src/app/api/test-client-db"
2025-09-05T12:11:57.714035Z  INFO scan_sources: tailwindcss_oxide::scanner: Discovering "/home/jonathascalderon/code/riqo-agency/src/app/api/upload"
2025-09-05T12:11:57.714141Z  INFO scan_sources: tailwindcss_oxide::scanner: Discovering "/home/jonathascalderon/code/riqo-agency/src/app/api/upload/status"
2025-09-05T12:11:57.714274Z  INFO scan_sources: tailwindcss_oxide::scanner: Discovering "/home/jonathascalderon/code/riqo-agency/src/app/api/upload/status/[uploadId]"
2025-09-05T12:11:57.714472Z  INFO scan_sources: tailwindcss_oxide::scanner: Discovering "/home/jonathascalderon/code/riqo-agency/src/app/api/debug-csv"
2025-09-05T12:11:57.714630Z  INFO scan_sources: tailwindcss_oxide::scanner: Discovering "/home/jonathascalderon/code/riqo-agency/src/app/api/debug-client-db"
2025-09-05T12:11:57.714774Z  INFO scan_sources: tailwindcss_oxide::scanner: Discovering "/home/jonathascalderon/code/riqo-agency/src/app/api/clients"
2025-09-05T12:11:57.714935Z  INFO scan_sources: tailwindcss_oxide::scanner: Discovering "/home/jonathascalderon/code/riqo-agency/src/app/api/admin"
2025-09-05T12:11:57.715059Z  INFO scan_sources: tailwindcss_oxide::scanner: Discovering "/home/jonathascalderon/code/riqo-agency/src/app/api/admin/configure-user"
2025-09-05T12:11:57.715237Z  INFO scan_sources: tailwindcss_oxide::scanner: Discovering "/home/jonathascalderon/code/riqo-agency/src/app/api/admin/get-user-by-email"
2025-09-05T12:11:57.715410Z  INFO scan_sources: tailwindcss_oxide::scanner: Discovering "/home/jonathascalderon/code/riqo-agency/src/app/dashboard"
2025-09-05T12:11:57.715599Z  INFO scan_sources: tailwindcss_oxide::scanner: Discovering "/home/jonathascalderon/code/riqo-agency/src/app/auth"
2025-09-05T12:11:57.715728Z  INFO scan_sources: tailwindcss_oxide::scanner: Discovering "/home/jonathascalderon/code/riqo-agency/src/app/auth/signup"
2025-09-05T12:11:57.715874Z  INFO scan_sources: tailwindcss_oxide::scanner: Discovering "/home/jonathascalderon/code/riqo-agency/src/app/auth/signin"
2025-09-05T12:11:57.716003Z  INFO scan_sources: tailwindcss_oxide::scanner: Discovering "/home/jonathascalderon/code/riqo-agency/src/app/[locale]"
2025-09-05T12:11:57.716212Z  INFO scan_sources: tailwindcss_oxide::scanner: Discovering "/home/jonathascalderon/code/riqo-agency/src/app/[locale]/dashboard"
2025-09-05T12:11:57.716541Z  INFO scan_sources: tailwindcss_oxide::scanner: Discovering "/home/jonathascalderon/code/riqo-agency/src/app/[locale]/auth"
2025-09-05T12:11:57.716618Z  INFO scan_sources: tailwindcss_oxide::scanner: Discovering "/home/jonathascalderon/code/riqo-agency/src/app/[locale]/auth/signup"
2025-09-05T12:11:57.716736Z  INFO scan_sources: tailwindcss_oxide::scanner: Discovering "/home/jonathascalderon/code/riqo-agency/src/app/[locale]/auth/signin"
2025-09-05T12:11:57.716988Z  INFO scan_sources: tailwindcss_oxide::scanner: Discovering "/home/jonathascalderon/code/riqo-agency/src/components"
2025-09-05T12:11:57.717431Z  INFO scan_sources: tailwindcss_oxide::scanner: Discovering "/home/jonathascalderon/code/riqo-agency/src/components/auth"
2025-09-05T12:11:57.717652Z  INFO scan_sources: tailwindcss_oxide::scanner: Discovering "/home/jonathascalderon/code/riqo-agency/src/components/sections"
2025-09-05T12:11:57.718082Z  INFO scan_sources: tailwindcss_oxide::scanner: Discovering "/home/jonathascalderon/code/riqo-agency/src/components/ui"
2025-09-05T12:11:57.718377Z  INFO scan_sources: tailwindcss_oxide::scanner: Discovering "/home/jonathascalderon/code/riqo-agency/src/types"
2025-09-05T12:11:57.718542Z  INFO scan_sources: tailwindcss_oxide::scanner: Discovering "/home/jonathascalderon/code/riqo-agency/src/lib"
2025-09-05T12:11:57.718886Z  INFO scan_sources: tailwindcss_oxide::scanner: Discovering "/home/jonathascalderon/code/riqo-agency/src/lib/auth"
2025-09-05T12:11:57.719097Z  INFO scan_sources: tailwindcss_oxide::scanner: Discovering "/home/jonathascalderon/code/riqo-agency/src/lib/supabase"
2025-09-05T12:11:57.719556Z  INFO scan_sources: tailwindcss_oxide::scanner: Discovering "/home/jonathascalderon/code/riqo-agency/src/i18n"
2025-09-05T12:11:57.720044Z  INFO scan_sources: tailwindcss_oxide::scanner: Discovering "/home/jonathascalderon/code/riqo-agency/scripts"
2025-09-05T12:11:57.720448Z  INFO scan_sources: tailwindcss_oxide::scanner: Discovering "/home/jonathascalderon/code/riqo-agency/supabase"
2025-09-05T12:11:57.720654Z  INFO scan_sources: tailwindcss_oxide::scanner: Discovering "/home/jonathascalderon/code/riqo-agency/supabase/migrations"
2025-09-05T12:11:57.720856Z  INFO scan_sources: tailwindcss_oxide::scanner: exit
2025-09-05T12:11:57.720971Z  INFO extract_candidates: tailwindcss_oxide::scanner: enter
2025-09-05T12:11:57.720990Z  INFO extract_candidates:read_all_files: tailwindcss_oxide::scanner: enter
2025-09-05T12:11:57.721194Z  INFO extract_candidates:read_all_files: tailwindcss_oxide::scanner: Reading 0 file(s)
2025-09-05T12:11:57.721278Z  INFO extract_candidates:read_all_files: tailwindcss_oxide::scanner: exit
2025-09-05T12:11:57.721524Z  INFO extract_candidates:parse_all_blobs: tailwindcss_oxide::scanner: enter
2025-09-05T12:11:57.721669Z  INFO extract_candidates:parse_all_blobs:extract: tailwindcss_oxide::scanner: enter
2025-09-05T12:11:57.721719Z  INFO extract_candidates:parse_all_blobs:extract: tailwindcss_oxide::scanner: exit
2025-09-05T12:11:57.721771Z  INFO extract_candidates:parse_all_blobs: tailwindcss_oxide::scanner: exit
2025-09-05T12:11:57.721937Z  INFO extract_candidates: tailwindcss_oxide::scanner: exit
2025-09-05T12:11:57.724346Z  INFO get_files: tailwindcss_oxide::scanner: enter
2025-09-05T12:11:57.724485Z  INFO get_files:scan_sources: tailwindcss_oxide::scanner: enter
2025-09-05T12:11:57.725464Z  INFO get_files:scan_sources: tailwindcss_oxide::scanner: Discovering "/home/jonathascalderon/code/riqo-agency/messages"
2025-09-05T12:11:57.726098Z  INFO get_files:scan_sources: tailwindcss_oxide::scanner: Discovering "/home/jonathascalderon/code/riqo-agency/.github"
2025-09-05T12:11:57.726206Z  INFO get_files:scan_sources: tailwindcss_oxide::scanner: Discovering "/home/jonathascalderon/code/riqo-agency/.github/workflows"
2025-09-05T12:11:57.726414Z  INFO get_files:scan_sources: tailwindcss_oxide::scanner: Discovering "/home/jonathascalderon/code/riqo-agency/public"
2025-09-05T12:11:57.726697Z  INFO get_files:scan_sources: tailwindcss_oxide::scanner: Discovering "/home/jonathascalderon/code/riqo-agency/public/clients"
2025-09-05T12:11:57.726924Z  INFO get_files:scan_sources: tailwindcss_oxide::scanner: Discovering "/home/jonathascalderon/code/riqo-agency/src"
2025-09-05T12:11:57.727042Z  INFO get_files:scan_sources: tailwindcss_oxide::scanner: Discovering "/home/jonathascalderon/code/riqo-agency/src/app"
2025-09-05T12:11:57.727167Z  INFO get_files:scan_sources: tailwindcss_oxide::scanner: Discovering "/home/jonathascalderon/code/riqo-agency/src/app/api"
2025-09-05T12:11:57.727291Z  INFO get_files:scan_sources: tailwindcss_oxide::scanner: Discovering "/home/jonathascalderon/code/riqo-agency/src/app/api/test-client-db"
2025-09-05T12:11:57.727489Z  INFO get_files:scan_sources: tailwindcss_oxide::scanner: Discovering "/home/jonathascalderon/code/riqo-agency/src/app/api/upload"
2025-09-05T12:11:57.727594Z  INFO get_files:scan_sources: tailwindcss_oxide::scanner: Discovering "/home/jonathascalderon/code/riqo-agency/src/app/api/upload/status"
2025-09-05T12:11:57.727716Z  INFO get_files:scan_sources: tailwindcss_oxide::scanner: Discovering "/home/jonathascalderon/code/riqo-agency/src/app/api/upload/status/[uploadId]"
2025-09-05T12:11:57.727890Z  INFO get_files:scan_sources: tailwindcss_oxide::scanner: Discovering "/home/jonathascalderon/code/riqo-agency/src/app/api/debug-csv"
2025-09-05T12:11:57.728060Z  INFO get_files:scan_sources: tailwindcss_oxide::scanner: Discovering "/home/jonathascalderon/code/riqo-agency/src/app/api/debug-client-db"
2025-09-05T12:11:57.728193Z  INFO get_files:scan_sources: tailwindcss_oxide::scanner: Discovering "/home/jonathascalderon/code/riqo-agency/src/app/api/clients"
2025-09-05T12:11:57.728333Z  INFO get_files:scan_sources: tailwindcss_oxide::scanner: Discovering "/home/jonathascalderon/code/riqo-agency/src/app/api/admin"
2025-09-05T12:11:57.728525Z  INFO get_files:scan_sources: tailwindcss_oxide::scanner: Discovering "/home/jonathascalderon/code/riqo-agency/src/app/api/admin/configure-user"
2025-09-05T12:11:57.728687Z  INFO get_files:scan_sources: tailwindcss_oxide::scanner: Discovering "/home/jonathascalderon/code/riqo-agency/src/app/api/admin/get-user-by-email"
2025-09-05T12:11:57.728840Z  INFO get_files:scan_sources: tailwindcss_oxide::scanner: Discovering "/home/jonathascalderon/code/riqo-agency/src/app/dashboard"
2025-09-05T12:11:57.729010Z  INFO get_files:scan_sources: tailwindcss_oxide::scanner: Discovering "/home/jonathascalderon/code/riqo-agency/src/app/auth"
2025-09-05T12:11:57.729132Z  INFO get_files:scan_sources: tailwindcss_oxide::scanner: Discovering "/home/jonathascalderon/code/riqo-agency/src/app/auth/signup"
2025-09-05T12:11:57.729234Z  INFO get_files:scan_sources: tailwindcss_oxide::scanner: Discovering "/home/jonathascalderon/code/riqo-agency/src/app/auth/signin"
2025-09-05T12:11:57.729369Z  INFO get_files:scan_sources: tailwindcss_oxide::scanner: Discovering "/home/jonathascalderon/code/riqo-agency/src/app/[locale]"
2025-09-05T12:11:57.729473Z  INFO get_files:scan_sources: tailwindcss_oxide::scanner: Discovering "/home/jonathascalderon/code/riqo-agency/src/app/[locale]/dashboard"
2025-09-05T12:11:57.729622Z  INFO get_files:scan_sources: tailwindcss_oxide::scanner: Discovering "/home/jonathascalderon/code/riqo-agency/src/app/[locale]/auth"
2025-09-05T12:11:57.729764Z  INFO get_files:scan_sources: tailwindcss_oxide::scanner: Discovering "/home/jonathascalderon/code/riqo-agency/src/app/[locale]/auth/signup"
2025-09-05T12:11:57.729914Z  INFO get_files:scan_sources: tailwindcss_oxide::scanner: Discovering "/home/jonathascalderon/code/riqo-agency/src/app/[locale]/auth/signin"
2025-09-05T12:11:57.730164Z  INFO get_files:scan_sources: tailwindcss_oxide::scanner: Discovering "/home/jonathascalderon/code/riqo-agency/src/components"
2025-09-05T12:11:57.730289Z  INFO get_files:scan_sources: tailwindcss_oxide::scanner: Discovering "/home/jonathascalderon/code/riqo-agency/src/components/auth"
2025-09-05T12:11:57.730465Z  INFO get_files:scan_sources: tailwindcss_oxide::scanner: Discovering "/home/jonathascalderon/code/riqo-agency/src/components/sections"
2025-09-05T12:11:57.730702Z  INFO get_files:scan_sources: tailwindcss_oxide::scanner: Discovering "/home/jonathascalderon/code/riqo-agency/src/components/ui"
2025-09-05T12:11:57.730885Z  INFO get_files:scan_sources: tailwindcss_oxide::scanner: Discovering "/home/jonathascalderon/code/riqo-agency/src/types"
2025-09-05T12:11:57.731065Z  INFO get_files:scan_sources: tailwindcss_oxide::scanner: Discovering "/home/jonathascalderon/code/riqo-agency/src/lib"
2025-09-05T12:11:57.731185Z  INFO get_files:scan_sources: tailwindcss_oxide::scanner: Discovering "/home/jonathascalderon/code/riqo-agency/src/lib/auth"
2025-09-05T12:11:57.731396Z  INFO get_files:scan_sources: tailwindcss_oxide::scanner: Discovering "/home/jonathascalderon/code/riqo-agency/src/lib/supabase"
2025-09-05T12:11:57.731600Z  INFO get_files:scan_sources: tailwindcss_oxide::scanner: Discovering "/home/jonathascalderon/code/riqo-agency/src/i18n"
2025-09-05T12:11:57.731806Z  INFO get_files:scan_sources: tailwindcss_oxide::scanner: Discovering "/home/jonathascalderon/code/riqo-agency/scripts"
2025-09-05T12:11:57.731959Z  INFO get_files:scan_sources: tailwindcss_oxide::scanner: Discovering "/home/jonathascalderon/code/riqo-agency/supabase"
2025-09-05T12:11:57.732057Z  INFO get_files:scan_sources: tailwindcss_oxide::scanner: Discovering "/home/jonathascalderon/code/riqo-agency/supabase/migrations"
2025-09-05T12:11:57.732209Z  INFO get_files:scan_sources: tailwindcss_oxide::scanner: exit
2025-09-05T12:11:57.732793Z  INFO get_files: tailwindcss_oxide::scanner: exit
2025-09-05T12:11:57.733228Z  INFO get_globs: tailwindcss_oxide::scanner: enter
2025-09-05T12:11:57.733278Z  INFO get_globs: tailwindcss_oxide::scanner: exit
2025-09-05T12:15:27.475506Z  INFO scan_sources: tailwindcss_oxide::scanner: enter
2025-09-05T12:15:27.476730Z  INFO scan_sources: tailwindcss_oxide::scanner: Discovering "/home/jonathascalderon/code/riqo-agency/messages"
2025-09-05T12:15:27.477593Z  INFO scan_sources: tailwindcss_oxide::scanner: Discovering "/home/jonathascalderon/code/riqo-agency/.github"
2025-09-05T12:15:27.477867Z  INFO scan_sources: tailwindcss_oxide::scanner: Discovering "/home/jonathascalderon/code/riqo-agency/.github/workflows"
2025-09-05T12:15:27.478085Z  INFO scan_sources: tailwindcss_oxide::scanner: Discovering "/home/jonathascalderon/code/riqo-agency/public"
2025-09-05T12:15:27.478372Z  INFO scan_sources: tailwindcss_oxide::scanner: Discovering "/home/jonathascalderon/code/riqo-agency/public/clients"
2025-09-05T12:15:27.478588Z  INFO scan_sources: tailwindcss_oxide::scanner: Discovering "/home/jonathascalderon/code/riqo-agency/src"
2025-09-05T12:15:27.478710Z  INFO scan_sources: tailwindcss_oxide::scanner: Discovering "/home/jonathascalderon/code/riqo-agency/src/app"
2025-09-05T12:15:27.478844Z  INFO scan_sources: tailwindcss_oxide::scanner: Discovering "/home/jonathascalderon/code/riqo-agency/src/app/api"
2025-09-05T12:15:27.478967Z  INFO scan_sources: tailwindcss_oxide::scanner: Discovering "/home/jonathascalderon/code/riqo-agency/src/app/api/test-client-db"
2025-09-05T12:15:27.479121Z  INFO scan_sources: tailwindcss_oxide::scanner: Discovering "/home/jonathascalderon/code/riqo-agency/src/app/api/upload"
2025-09-05T12:15:27.479214Z  INFO scan_sources: tailwindcss_oxide::scanner: Discovering "/home/jonathascalderon/code/riqo-agency/src/app/api/upload/status"
2025-09-05T12:15:27.479300Z  INFO scan_sources: tailwindcss_oxide::scanner: Discovering "/home/jonathascalderon/code/riqo-agency/src/app/api/upload/status/[uploadId]"
2025-09-05T12:15:27.479419Z  INFO scan_sources: tailwindcss_oxide::scanner: Discovering "/home/jonathascalderon/code/riqo-agency/src/app/api/upload/route.ts"
2025-09-05T12:15:27.479516Z  INFO scan_sources: tailwindcss_oxide::scanner: Discovering "/home/jonathascalderon/code/riqo-agency/src/app/api/debug-csv"
2025-09-05T12:15:27.479671Z  INFO scan_sources: tailwindcss_oxide::scanner: Discovering "/home/jonathascalderon/code/riqo-agency/src/app/api/debug-client-db"
2025-09-05T12:15:27.479852Z  INFO scan_sources: tailwindcss_oxide::scanner: Discovering "/home/jonathascalderon/code/riqo-agency/src/app/api/clients"
2025-09-05T12:15:27.479994Z  INFO scan_sources: tailwindcss_oxide::scanner: Discovering "/home/jonathascalderon/code/riqo-agency/src/app/api/admin"
2025-09-05T12:15:27.480107Z  INFO scan_sources: tailwindcss_oxide::scanner: Discovering "/home/jonathascalderon/code/riqo-agency/src/app/api/admin/configure-user"
2025-09-05T12:15:27.480261Z  INFO scan_sources: tailwindcss_oxide::scanner: Discovering "/home/jonathascalderon/code/riqo-agency/src/app/api/admin/get-user-by-email"
2025-09-05T12:15:27.480462Z  INFO scan_sources: tailwindcss_oxide::scanner: Discovering "/home/jonathascalderon/code/riqo-agency/src/app/dashboard"
2025-09-05T12:15:27.480645Z  INFO scan_sources: tailwindcss_oxide::scanner: Discovering "/home/jonathascalderon/code/riqo-agency/src/app/auth"
2025-09-05T12:15:27.480779Z  INFO scan_sources: tailwindcss_oxide::scanner: Discovering "/home/jonathascalderon/code/riqo-agency/src/app/auth/signup"
2025-09-05T12:15:27.480919Z  INFO scan_sources: tailwindcss_oxide::scanner: Discovering "/home/jonathascalderon/code/riqo-agency/src/app/auth/signin"
2025-09-05T12:15:27.481055Z  INFO scan_sources: tailwindcss_oxide::scanner: Discovering "/home/jonathascalderon/code/riqo-agency/src/app/[locale]"
2025-09-05T12:15:27.481171Z  INFO scan_sources: tailwindcss_oxide::scanner: Discovering "/home/jonathascalderon/code/riqo-agency/src/app/[locale]/dashboard"
2025-09-05T12:15:27.481337Z  INFO scan_sources: tailwindcss_oxide::scanner: Discovering "/home/jonathascalderon/code/riqo-agency/src/app/[locale]/auth"
2025-09-05T12:15:27.481451Z  INFO scan_sources: tailwindcss_oxide::scanner: Discovering "/home/jonathascalderon/code/riqo-agency/src/app/[locale]/auth/signup"
2025-09-05T12:15:27.481593Z  INFO scan_sources: tailwindcss_oxide::scanner: Discovering "/home/jonathascalderon/code/riqo-agency/src/app/[locale]/auth/signin"
2025-09-05T12:15:27.481867Z  INFO scan_sources: tailwindcss_oxide::scanner: Discovering "/home/jonathascalderon/code/riqo-agency/src/components"
2025-09-05T12:15:27.482006Z  INFO scan_sources: tailwindcss_oxide::scanner: Discovering "/home/jonathascalderon/code/riqo-agency/src/components/auth"
2025-09-05T12:15:27.482178Z  INFO scan_sources: tailwindcss_oxide::scanner: Discovering "/home/jonathascalderon/code/riqo-agency/src/components/sections"
2025-09-05T12:15:27.482404Z  INFO scan_sources: tailwindcss_oxide::scanner: Discovering "/home/jonathascalderon/code/riqo-agency/src/components/ui"
2025-09-05T12:15:27.482593Z  INFO scan_sources: tailwindcss_oxide::scanner: Discovering "/home/jonathascalderon/code/riqo-agency/src/types"
2025-09-05T12:15:27.482761Z  INFO scan_sources: tailwindcss_oxide::scanner: Discovering "/home/jonathascalderon/code/riqo-agency/src/lib"
2025-09-05T12:15:27.482868Z  INFO scan_sources: tailwindcss_oxide::scanner: Discovering "/home/jonathascalderon/code/riqo-agency/src/lib/auth"
2025-09-05T12:15:27.483027Z  INFO scan_sources: tailwindcss_oxide::scanner: Discovering "/home/jonathascalderon/code/riqo-agency/src/lib/supabase"
2025-09-05T12:15:27.483194Z  INFO scan_sources: tailwindcss_oxide::scanner: Discovering "/home/jonathascalderon/code/riqo-agency/src/i18n"
2025-09-05T12:15:27.483405Z  INFO scan_sources: tailwindcss_oxide::scanner: Discovering "/home/jonathascalderon/code/riqo-agency/scripts"
2025-09-05T12:15:27.483580Z  INFO scan_sources: tailwindcss_oxide::scanner: Discovering "/home/jonathascalderon/code/riqo-agency/supabase"
2025-09-05T12:15:27.483694Z  INFO scan_sources: tailwindcss_oxide::scanner: Discovering "/home/jonathascalderon/code/riqo-agency/supabase/migrations"
2025-09-05T12:15:27.485224Z  INFO scan_sources: tailwindcss_oxide::scanner: exit
2025-09-05T12:15:27.485338Z  INFO extract_candidates: tailwindcss_oxide::scanner: enter
2025-09-05T12:15:27.485480Z  INFO extract_candidates:read_all_files: tailwindcss_oxide::scanner: enter
2025-09-05T12:15:27.485497Z  INFO extract_candidates:read_all_files: tailwindcss_oxide::scanner: Reading 1 file(s)
2025-09-05T12:15:27.486046Z  INFO extract_candidates:read_all_files: tailwindcss_oxide::scanner: Reading "/home/jonathascalderon/code/riqo-agency/src/app/api/upload/route.ts"
2025-09-05T12:15:27.486212Z  INFO extract_candidates:read_all_files: tailwindcss_oxide::scanner: exit
2025-09-05T12:15:27.486232Z  INFO extract_candidates:parse_all_blobs: tailwindcss_oxide::scanner: enter
2025-09-05T12:15:27.486241Z  INFO extract_candidates:parse_all_blobs:extract: tailwindcss_oxide::scanner: enter
2025-09-05T12:15:27.492345Z  INFO extract_candidates:parse_all_blobs:extract: tailwindcss_oxide::scanner: exit
2025-09-05T12:15:27.492462Z  INFO extract_candidates:parse_all_blobs: tailwindcss_oxide::scanner: exit
2025-09-05T12:15:27.493366Z  INFO extract_candidates: tailwindcss_oxide::scanner: exit
2025-09-05T12:15:27.495332Z  INFO get_files: tailwindcss_oxide::scanner: enter
2025-09-05T12:15:27.495414Z  INFO get_files:scan_sources: tailwindcss_oxide::scanner: enter
2025-09-05T12:15:27.496443Z  INFO get_files:scan_sources: tailwindcss_oxide::scanner: Discovering "/home/jonathascalderon/code/riqo-agency/messages"
2025-09-05T12:15:27.497161Z  INFO get_files:scan_sources: tailwindcss_oxide::scanner: Discovering "/home/jonathascalderon/code/riqo-agency/.github"
2025-09-05T12:15:27.497301Z  INFO get_files:scan_sources: tailwindcss_oxide::scanner: Discovering "/home/jonathascalderon/code/riqo-agency/.github/workflows"
2025-09-05T12:15:27.497447Z  INFO get_files:scan_sources: tailwindcss_oxide::scanner: Discovering "/home/jonathascalderon/code/riqo-agency/public"
2025-09-05T12:15:27.497739Z  INFO get_files:scan_sources: tailwindcss_oxide::scanner: Discovering "/home/jonathascalderon/code/riqo-agency/public/clients"
2025-09-05T12:15:27.498042Z  INFO get_files:scan_sources: tailwindcss_oxide::scanner: Discovering "/home/jonathascalderon/code/riqo-agency/src"
2025-09-05T12:15:27.498174Z  INFO get_files:scan_sources: tailwindcss_oxide::scanner: Discovering "/home/jonathascalderon/code/riqo-agency/src/app"
2025-09-05T12:15:27.498347Z  INFO get_files:scan_sources: tailwindcss_oxide::scanner: Discovering "/home/jonathascalderon/code/riqo-agency/src/app/api"
2025-09-05T12:15:27.498449Z  INFO get_files:scan_sources: tailwindcss_oxide::scanner: Discovering "/home/jonathascalderon/code/riqo-agency/src/app/api/test-client-db"
2025-09-05T12:15:27.498602Z  INFO get_files:scan_sources: tailwindcss_oxide::scanner: Discovering "/home/jonathascalderon/code/riqo-agency/src/app/api/upload"
2025-09-05T12:15:27.498732Z  INFO get_files:scan_sources: tailwindcss_oxide::scanner: Discovering "/home/jonathascalderon/code/riqo-agency/src/app/api/upload/status"
2025-09-05T12:15:27.498889Z  INFO get_files:scan_sources: tailwindcss_oxide::scanner: Discovering "/home/jonathascalderon/code/riqo-agency/src/app/api/upload/status/[uploadId]"
2025-09-05T12:15:27.499174Z  INFO get_files:scan_sources: tailwindcss_oxide::scanner: Discovering "/home/jonathascalderon/code/riqo-agency/src/app/api/debug-csv"
2025-09-05T12:15:27.499364Z  INFO get_files:scan_sources: tailwindcss_oxide::scanner: Discovering "/home/jonathascalderon/code/riqo-agency/src/app/api/debug-client-db"
2025-09-05T12:15:27.499524Z  INFO get_files:scan_sources: tailwindcss_oxide::scanner: Discovering "/home/jonathascalderon/code/riqo-agency/src/app/api/clients"
2025-09-05T12:15:27.499686Z  INFO get_files:scan_sources: tailwindcss_oxide::scanner: Discovering "/home/jonathascalderon/code/riqo-agency/src/app/api/admin"
2025-09-05T12:15:27.499812Z  INFO get_files:scan_sources: tailwindcss_oxide::scanner: Discovering "/home/jonathascalderon/code/riqo-agency/src/app/api/admin/configure-user"
2025-09-05T12:15:27.499973Z  INFO get_files:scan_sources: tailwindcss_oxide::scanner: Discovering "/home/jonathascalderon/code/riqo-agency/src/app/api/admin/get-user-by-email"
2025-09-05T12:15:27.500249Z  INFO get_files:scan_sources: tailwindcss_oxide::scanner: Discovering "/home/jonathascalderon/code/riqo-agency/src/app/dashboard"
2025-09-05T12:15:27.500437Z  INFO get_files:scan_sources: tailwindcss_oxide::scanner: Discovering "/home/jonathascalderon/code/riqo-agency/src/app/auth"
2025-09-05T12:15:27.500621Z  INFO get_files:scan_sources: tailwindcss_oxide::scanner: Discovering "/home/jonathascalderon/code/riqo-agency/src/app/auth/signup"
2025-09-05T12:15:27.500774Z  INFO get_files:scan_sources: tailwindcss_oxide::scanner: Discovering "/home/jonathascalderon/code/riqo-agency/src/app/auth/signin"
2025-09-05T12:15:27.500954Z  INFO get_files:scan_sources: tailwindcss_oxide::scanner: Discovering "/home/jonathascalderon/code/riqo-agency/src/app/[locale]"
2025-09-05T12:15:27.501069Z  INFO get_files:scan_sources: tailwindcss_oxide::scanner: Discovering "/home/jonathascalderon/code/riqo-agency/src/app/[locale]/dashboard"
2025-09-05T12:15:27.501307Z  INFO get_files:scan_sources: tailwindcss_oxide::scanner: Discovering "/home/jonathascalderon/code/riqo-agency/src/app/[locale]/auth"
2025-09-05T12:15:27.501412Z  INFO get_files:scan_sources: tailwindcss_oxide::scanner: Discovering "/home/jonathascalderon/code/riqo-agency/src/app/[locale]/auth/signup"
2025-09-05T12:15:27.501563Z  INFO get_files:scan_sources: tailwindcss_oxide::scanner: Discovering "/home/jonathascalderon/code/riqo-agency/src/app/[locale]/auth/signin"
2025-09-05T12:15:27.501755Z  INFO get_files:scan_sources: tailwindcss_oxide::scanner: Discovering "/home/jonathascalderon/code/riqo-agency/src/components"
2025-09-05T12:15:27.501958Z  INFO get_files:scan_sources: tailwindcss_oxide::scanner: Discovering "/home/jonathascalderon/code/riqo-agency/src/components/auth"
2025-09-05T12:15:27.502230Z  INFO get_files:scan_sources: tailwindcss_oxide::scanner: Discovering "/home/jonathascalderon/code/riqo-agency/src/components/sections"
2025-09-05T12:15:27.502458Z  INFO get_files:scan_sources: tailwindcss_oxide::scanner: Discovering "/home/jonathascalderon/code/riqo-agency/src/components/ui"
2025-09-05T12:15:27.502690Z  INFO get_files:scan_sources: tailwindcss_oxide::scanner: Discovering "/home/jonathascalderon/code/riqo-agency/src/types"
2025-09-05T12:15:27.502889Z  INFO get_files:scan_sources: tailwindcss_oxide::scanner: Discovering "/home/jonathascalderon/code/riqo-agency/src/lib"
2025-09-05T12:15:27.503026Z  INFO get_files:scan_sources: tailwindcss_oxide::scanner: Discovering "/home/jonathascalderon/code/riqo-agency/src/lib/auth"
2025-09-05T12:15:27.503235Z  INFO get_files:scan_sources: tailwindcss_oxide::scanner: Discovering "/home/jonathascalderon/code/riqo-agency/src/lib/supabase"
2025-09-05T12:15:27.503420Z  INFO get_files:scan_sources: tailwindcss_oxide::scanner: Discovering "/home/jonathascalderon/code/riqo-agency/src/i18n"
2025-09-05T12:15:27.503638Z  INFO get_files:scan_sources: tailwindcss_oxide::scanner: Discovering "/home/jonathascalderon/code/riqo-agency/scripts"
2025-09-05T12:15:27.503779Z  INFO get_files:scan_sources: tailwindcss_oxide::scanner: Discovering "/home/jonathascalderon/code/riqo-agency/supabase"
2025-09-05T12:15:27.503857Z  INFO get_files:scan_sources: tailwindcss_oxide::scanner: Discovering "/home/jonathascalderon/code/riqo-agency/supabase/migrations"
2025-09-05T12:15:27.504085Z  INFO get_files:scan_sources: tailwindcss_oxide::scanner: exit
2025-09-05T12:15:27.510506Z  INFO get_files: tailwindcss_oxide::scanner: exit
2025-09-05T12:15:27.512696Z  INFO get_globs: tailwindcss_oxide::scanner: enter
2025-09-05T12:15:27.512736Z  INFO get_globs: tailwindcss_oxide::scanner: exit
2025-09-05T12:15:27.612801Z  INFO scan_sources: tailwindcss_oxide::scanner: enter
2025-09-05T12:15:27.614056Z  INFO scan_sources: tailwindcss_oxide::scanner: Discovering "/home/jonathascalderon/code/riqo-agency/messages"
2025-09-05T12:15:27.614817Z  INFO scan_sources: tailwindcss_oxide::scanner: Discovering "/home/jonathascalderon/code/riqo-agency/.github"
2025-09-05T12:15:27.614964Z  INFO scan_sources: tailwindcss_oxide::scanner: Discovering "/home/jonathascalderon/code/riqo-agency/.github/workflows"
2025-09-05T12:15:27.615117Z  INFO scan_sources: tailwindcss_oxide::scanner: Discovering "/home/jonathascalderon/code/riqo-agency/public"
2025-09-05T12:15:27.615399Z  INFO scan_sources: tailwindcss_oxide::scanner: Discovering "/home/jonathascalderon/code/riqo-agency/public/clients"
2025-09-05T12:15:27.615661Z  INFO scan_sources: tailwindcss_oxide::scanner: Discovering "/home/jonathascalderon/code/riqo-agency/src"
2025-09-05T12:15:27.615777Z  INFO scan_sources: tailwindcss_oxide::scanner: Discovering "/home/jonathascalderon/code/riqo-agency/src/app"
2025-09-05T12:15:27.615907Z  INFO scan_sources: tailwindcss_oxide::scanner: Discovering "/home/jonathascalderon/code/riqo-agency/src/app/api"
2025-09-05T12:15:27.616023Z  INFO scan_sources: tailwindcss_oxide::scanner: Discovering "/home/jonathascalderon/code/riqo-agency/src/app/api/test-client-db"
2025-09-05T12:15:27.616196Z  INFO scan_sources: tailwindcss_oxide::scanner: Discovering "/home/jonathascalderon/code/riqo-agency/src/app/api/upload"
2025-09-05T12:15:27.616330Z  INFO scan_sources: tailwindcss_oxide::scanner: Discovering "/home/jonathascalderon/code/riqo-agency/src/app/api/upload/status"
2025-09-05T12:15:27.616447Z  INFO scan_sources: tailwindcss_oxide::scanner: Discovering "/home/jonathascalderon/code/riqo-agency/src/app/api/upload/status/[uploadId]"
2025-09-05T12:15:27.616642Z  INFO scan_sources: tailwindcss_oxide::scanner: Discovering "/home/jonathascalderon/code/riqo-agency/src/app/api/debug-csv"
2025-09-05T12:15:27.616790Z  INFO scan_sources: tailwindcss_oxide::scanner: Discovering "/home/jonathascalderon/code/riqo-agency/src/app/api/debug-client-db"
2025-09-05T12:15:27.616934Z  INFO scan_sources: tailwindcss_oxide::scanner: Discovering "/home/jonathascalderon/code/riqo-agency/src/app/api/clients"
2025-09-05T12:15:27.617069Z  INFO scan_sources: tailwindcss_oxide::scanner: Discovering "/home/jonathascalderon/code/riqo-agency/src/app/api/admin"
2025-09-05T12:15:27.617180Z  INFO scan_sources: tailwindcss_oxide::scanner: Discovering "/home/jonathascalderon/code/riqo-agency/src/app/api/admin/configure-user"
2025-09-05T12:15:27.617327Z  INFO scan_sources: tailwindcss_oxide::scanner: Discovering "/home/jonathascalderon/code/riqo-agency/src/app/api/admin/get-user-by-email"
2025-09-05T12:15:27.617477Z  INFO scan_sources: tailwindcss_oxide::scanner: Discovering "/home/jonathascalderon/code/riqo-agency/src/app/dashboard"
2025-09-05T12:15:27.617627Z  INFO scan_sources: tailwindcss_oxide::scanner: Discovering "/home/jonathascalderon/code/riqo-agency/src/app/auth"
2025-09-05T12:15:27.617729Z  INFO scan_sources: tailwindcss_oxide::scanner: Discovering "/home/jonathascalderon/code/riqo-agency/src/app/auth/signup"
2025-09-05T12:15:27.617908Z  INFO scan_sources: tailwindcss_oxide::scanner: Discovering "/home/jonathascalderon/code/riqo-agency/src/app/auth/signin"
2025-09-05T12:15:27.618060Z  INFO scan_sources: tailwindcss_oxide::scanner: Discovering "/home/jonathascalderon/code/riqo-agency/src/app/[locale]"
2025-09-05T12:15:27.618165Z  INFO scan_sources: tailwindcss_oxide::scanner: Discovering "/home/jonathascalderon/code/riqo-agency/src/app/[locale]/dashboard"
2025-09-05T12:15:27.618304Z  INFO scan_sources: tailwindcss_oxide::scanner: Discovering "/home/jonathascalderon/code/riqo-agency/src/app/[locale]/auth"
2025-09-05T12:15:27.618431Z  INFO scan_sources: tailwindcss_oxide::scanner: Discovering "/home/jonathascalderon/code/riqo-agency/src/app/[locale]/auth/signup"
2025-09-05T12:15:27.618582Z  INFO scan_sources: tailwindcss_oxide::scanner: Discovering "/home/jonathascalderon/code/riqo-agency/src/app/[locale]/auth/signin"
2025-09-05T12:15:27.618800Z  INFO scan_sources: tailwindcss_oxide::scanner: Discovering "/home/jonathascalderon/code/riqo-agency/src/components"
2025-09-05T12:15:27.618938Z  INFO scan_sources: tailwindcss_oxide::scanner: Discovering "/home/jonathascalderon/code/riqo-agency/src/components/auth"
2025-09-05T12:15:27.619120Z  INFO scan_sources: tailwindcss_oxide::scanner: Discovering "/home/jonathascalderon/code/riqo-agency/src/components/sections"
2025-09-05T12:15:27.619343Z  INFO scan_sources: tailwindcss_oxide::scanner: Discovering "/home/jonathascalderon/code/riqo-agency/src/components/ui"
2025-09-05T12:15:27.619550Z  INFO scan_sources: tailwindcss_oxide::scanner: Discovering "/home/jonathascalderon/code/riqo-agency/src/types"
2025-09-05T12:15:27.619672Z  INFO scan_sources: tailwindcss_oxide::scanner: Discovering "/home/jonathascalderon/code/riqo-agency/src/lib"
2025-09-05T12:15:27.619788Z  INFO scan_sources: tailwindcss_oxide::scanner: Discovering "/home/jonathascalderon/code/riqo-agency/src/lib/auth"
2025-09-05T12:15:27.619948Z  INFO scan_sources: tailwindcss_oxide::scanner: Discovering "/home/jonathascalderon/code/riqo-agency/src/lib/supabase"
2025-09-05T12:15:27.620149Z  INFO scan_sources: tailwindcss_oxide::scanner: Discovering "/home/jonathascalderon/code/riqo-agency/src/i18n"
2025-09-05T12:15:27.620447Z  INFO scan_sources: tailwindcss_oxide::scanner: Discovering "/home/jonathascalderon/code/riqo-agency/scripts"
2025-09-05T12:15:27.620712Z  INFO scan_sources: tailwindcss_oxide::scanner: Discovering "/home/jonathascalderon/code/riqo-agency/supabase"
2025-09-05T12:15:27.620893Z  INFO scan_sources: tailwindcss_oxide::scanner: Discovering "/home/jonathascalderon/code/riqo-agency/supabase/migrations"
2025-09-05T12:15:27.621271Z  INFO scan_sources: tailwindcss_oxide::scanner: exit
2025-09-05T12:15:27.621313Z  INFO extract_candidates: tailwindcss_oxide::scanner: enter
2025-09-05T12:15:27.621327Z  INFO extract_candidates:read_all_files: tailwindcss_oxide::scanner: enter
2025-09-05T12:15:27.621338Z  INFO extract_candidates:read_all_files: tailwindcss_oxide::scanner: Reading 0 file(s)
2025-09-05T12:15:27.621351Z  INFO extract_candidates:read_all_files: tailwindcss_oxide::scanner: exit
2025-09-05T12:15:27.621377Z  INFO extract_candidates:parse_all_blobs: tailwindcss_oxide::scanner: enter
2025-09-05T12:15:27.621384Z  INFO extract_candidates:parse_all_blobs:extract: tailwindcss_oxide::scanner: enter
2025-09-05T12:15:27.621390Z  INFO extract_candidates:parse_all_blobs:extract: tailwindcss_oxide::scanner: exit
2025-09-05T12:15:27.621396Z  INFO extract_candidates:parse_all_blobs: tailwindcss_oxide::scanner: exit
2025-09-05T12:15:27.621406Z  INFO extract_candidates: tailwindcss_oxide::scanner: exit
2025-09-05T12:15:27.622956Z  INFO get_files: tailwindcss_oxide::scanner: enter
2025-09-05T12:15:27.623047Z  INFO get_files:scan_sources: tailwindcss_oxide::scanner: enter
2025-09-05T12:15:27.623771Z  INFO get_files:scan_sources: tailwindcss_oxide::scanner: Discovering "/home/jonathascalderon/code/riqo-agency/messages"
2025-09-05T12:15:27.624605Z  INFO get_files:scan_sources: tailwindcss_oxide::scanner: Discovering "/home/jonathascalderon/code/riqo-agency/.github"
2025-09-05T12:15:27.624759Z  INFO get_files:scan_sources: tailwindcss_oxide::scanner: Discovering "/home/jonathascalderon/code/riqo-agency/.github/workflows"
2025-09-05T12:15:27.624999Z  INFO get_files:scan_sources: tailwindcss_oxide::scanner: Discovering "/home/jonathascalderon/code/riqo-agency/public"
2025-09-05T12:15:27.625313Z  INFO get_files:scan_sources: tailwindcss_oxide::scanner: Discovering "/home/jonathascalderon/code/riqo-agency/public/clients"
2025-09-05T12:15:27.625580Z  INFO get_files:scan_sources: tailwindcss_oxide::scanner: Discovering "/home/jonathascalderon/code/riqo-agency/src"
2025-09-05T12:15:27.625708Z  INFO get_files:scan_sources: tailwindcss_oxide::scanner: Discovering "/home/jonathascalderon/code/riqo-agency/src/app"
2025-09-05T12:15:27.625915Z  INFO get_files:scan_sources: tailwindcss_oxide::scanner: Discovering "/home/jonathascalderon/code/riqo-agency/src/app/api"
2025-09-05T12:15:27.626116Z  INFO get_files:scan_sources: tailwindcss_oxide::scanner: Discovering "/home/jonathascalderon/code/riqo-agency/src/app/api/test-client-db"
2025-09-05T12:15:27.626311Z  INFO get_files:scan_sources: tailwindcss_oxide::scanner: Discovering "/home/jonathascalderon/code/riqo-agency/src/app/api/upload"
2025-09-05T12:15:27.626470Z  INFO get_files:scan_sources: tailwindcss_oxide::scanner: Discovering "/home/jonathascalderon/code/riqo-agency/src/app/api/upload/status"
2025-09-05T12:15:27.626582Z  INFO get_files:scan_sources: tailwindcss_oxide::scanner: Discovering "/home/jonathascalderon/code/riqo-agency/src/app/api/upload/status/[uploadId]"
2025-09-05T12:15:27.626741Z  INFO get_files:scan_sources: tailwindcss_oxide::scanner: Discovering "/home/jonathascalderon/code/riqo-agency/src/app/api/debug-csv"
2025-09-05T12:15:27.626945Z  INFO get_files:scan_sources: tailwindcss_oxide::scanner: Discovering "/home/jonathascalderon/code/riqo-agency/src/app/api/debug-client-db"
2025-09-05T12:15:27.627139Z  INFO get_files:scan_sources: tailwindcss_oxide::scanner: Discovering "/home/jonathascalderon/code/riqo-agency/src/app/api/clients"
2025-09-05T12:15:27.627299Z  INFO get_files:scan_sources: tailwindcss_oxide::scanner: Discovering "/home/jonathascalderon/code/riqo-agency/src/app/api/admin"
2025-09-05T12:15:27.627517Z  INFO get_files:scan_sources: tailwindcss_oxide::scanner: Discovering "/home/jonathascalderon/code/riqo-agency/src/app/api/admin/configure-user"
2025-09-05T12:15:27.627664Z  INFO get_files:scan_sources: tailwindcss_oxide::scanner: Discovering "/home/jonathascalderon/code/riqo-agency/src/app/api/admin/get-user-by-email"
2025-09-05T12:15:27.627798Z  INFO get_files:scan_sources: tailwindcss_oxide::scanner: Discovering "/home/jonathascalderon/code/riqo-agency/src/app/dashboard"
2025-09-05T12:15:27.627981Z  INFO get_files:scan_sources: tailwindcss_oxide::scanner: Discovering "/home/jonathascalderon/code/riqo-agency/src/app/auth"
2025-09-05T12:15:27.628099Z  INFO get_files:scan_sources: tailwindcss_oxide::scanner: Discovering "/home/jonathascalderon/code/riqo-agency/src/app/auth/signup"
2025-09-05T12:15:27.628255Z  INFO get_files:scan_sources: tailwindcss_oxide::scanner: Discovering "/home/jonathascalderon/code/riqo-agency/src/app/auth/signin"
2025-09-05T12:15:27.628412Z  INFO get_files:scan_sources: tailwindcss_oxide::scanner: Discovering "/home/jonathascalderon/code/riqo-agency/src/app/[locale]"
2025-09-05T12:15:27.628523Z  INFO get_files:scan_sources: tailwindcss_oxide::scanner: Discovering "/home/jonathascalderon/code/riqo-agency/src/app/[locale]/dashboard"
2025-09-05T12:15:27.628666Z  INFO get_files:scan_sources: tailwindcss_oxide::scanner: Discovering "/home/jonathascalderon/code/riqo-agency/src/app/[locale]/auth"
2025-09-05T12:15:27.628806Z  INFO get_files:scan_sources: tailwindcss_oxide::scanner: Discovering "/home/jonathascalderon/code/riqo-agency/src/app/[locale]/auth/signup"
2025-09-05T12:15:27.628950Z  INFO get_files:scan_sources: tailwindcss_oxide::scanner: Discovering "/home/jonathascalderon/code/riqo-agency/src/app/[locale]/auth/signin"
2025-09-05T12:15:27.629213Z  INFO get_files:scan_sources: tailwindcss_oxide::scanner: Discovering "/home/jonathascalderon/code/riqo-agency/src/components"
2025-09-05T12:15:27.629354Z  INFO get_files:scan_sources: tailwindcss_oxide::scanner: Discovering "/home/jonathascalderon/code/riqo-agency/src/components/auth"
2025-09-05T12:15:27.629533Z  INFO get_files:scan_sources: tailwindcss_oxide::scanner: Discovering "/home/jonathascalderon/code/riqo-agency/src/components/sections"
2025-09-05T12:15:27.630642Z  INFO get_files:scan_sources: tailwindcss_oxide::scanner: Discovering "/home/jonathascalderon/code/riqo-agency/src/components/ui"
2025-09-05T12:15:27.630869Z  INFO get_files:scan_sources: tailwindcss_oxide::scanner: Discovering "/home/jonathascalderon/code/riqo-agency/src/types"
2025-09-05T12:15:27.631042Z  INFO get_files:scan_sources: tailwindcss_oxide::scanner: Discovering "/home/jonathascalderon/code/riqo-agency/src/lib"
2025-09-05T12:15:27.631155Z  INFO get_files:scan_sources: tailwindcss_oxide::scanner: Discovering "/home/jonathascalderon/code/riqo-agency/src/lib/auth"
2025-09-05T12:15:27.631344Z  INFO get_files:scan_sources: tailwindcss_oxide::scanner: Discovering "/home/jonathascalderon/code/riqo-agency/src/lib/supabase"
2025-09-05T12:15:27.631527Z  INFO get_files:scan_sources: tailwindcss_oxide::scanner: Discovering "/home/jonathascalderon/code/riqo-agency/src/i18n"
2025-09-05T12:15:27.631761Z  INFO get_files:scan_sources: tailwindcss_oxide::scanner: Discovering "/home/jonathascalderon/code/riqo-agency/scripts"
2025-09-05T12:15:27.631920Z  INFO get_files:scan_sources: tailwindcss_oxide::scanner: Discovering "/home/jonathascalderon/code/riqo-agency/supabase"
2025-09-05T12:15:27.632035Z  INFO get_files:scan_sources: tailwindcss_oxide::scanner: Discovering "/home/jonathascalderon/code/riqo-agency/supabase/migrations"
2025-09-05T12:15:27.632210Z  INFO get_files:scan_sources: tailwindcss_oxide::scanner: exit
2025-09-05T12:15:27.633083Z  INFO get_files: tailwindcss_oxide::scanner: exit
2025-09-05T12:15:27.633428Z  INFO get_globs: tailwindcss_oxide::scanner: enter
2025-09-05T12:15:27.633502Z  INFO get_globs: tailwindcss_oxide::scanner: exit
2025-09-05T12:16:41.609286Z  INFO scan_sources: tailwindcss_oxide::scanner: enter
2025-09-05T12:16:41.610358Z  INFO scan_sources: tailwindcss_oxide::scanner: Discovering "/home/jonathascalderon/code/riqo-agency/messages"
2025-09-05T12:16:41.611041Z  INFO scan_sources: tailwindcss_oxide::scanner: Discovering "/home/jonathascalderon/code/riqo-agency/.github"
2025-09-05T12:16:41.611170Z  INFO scan_sources: tailwindcss_oxide::scanner: Discovering "/home/jonathascalderon/code/riqo-agency/.github/workflows"
2025-09-05T12:16:41.611359Z  INFO scan_sources: tailwindcss_oxide::scanner: Discovering "/home/jonathascalderon/code/riqo-agency/public"
2025-09-05T12:16:41.611629Z  INFO scan_sources: tailwindcss_oxide::scanner: Discovering "/home/jonathascalderon/code/riqo-agency/public/clients"
2025-09-05T12:16:41.611871Z  INFO scan_sources: tailwindcss_oxide::scanner: Discovering "/home/jonathascalderon/code/riqo-agency/src"
2025-09-05T12:16:41.612008Z  INFO scan_sources: tailwindcss_oxide::scanner: Discovering "/home/jonathascalderon/code/riqo-agency/src/app"
2025-09-05T12:16:41.612151Z  INFO scan_sources: tailwindcss_oxide::scanner: Discovering "/home/jonathascalderon/code/riqo-agency/src/app/api"
2025-09-05T12:16:41.612270Z  INFO scan_sources: tailwindcss_oxide::scanner: Discovering "/home/jonathascalderon/code/riqo-agency/src/app/api/test-client-db"
2025-09-05T12:16:41.612415Z  INFO scan_sources: tailwindcss_oxide::scanner: Discovering "/home/jonathascalderon/code/riqo-agency/src/app/api/upload"
2025-09-05T12:16:41.612525Z  INFO scan_sources: tailwindcss_oxide::scanner: Discovering "/home/jonathascalderon/code/riqo-agency/src/app/api/upload/status"
2025-09-05T12:16:41.612697Z  INFO scan_sources: tailwindcss_oxide::scanner: Discovering "/home/jonathascalderon/code/riqo-agency/src/app/api/upload/status/[uploadId]"
2025-09-05T12:16:41.612813Z  INFO scan_sources: tailwindcss_oxide::scanner: Discovering "/home/jonathascalderon/code/riqo-agency/src/app/api/upload/route.ts"
2025-09-05T12:16:41.612905Z  INFO scan_sources: tailwindcss_oxide::scanner: Discovering "/home/jonathascalderon/code/riqo-agency/src/app/api/debug-csv"
2025-09-05T12:16:41.613008Z  INFO scan_sources: tailwindcss_oxide::scanner: Discovering "/home/jonathascalderon/code/riqo-agency/src/app/api/debug-client-db"
2025-09-05T12:16:41.613102Z  INFO scan_sources: tailwindcss_oxide::scanner: Discovering "/home/jonathascalderon/code/riqo-agency/src/app/api/clients"
2025-09-05T12:16:41.613193Z  INFO scan_sources: tailwindcss_oxide::scanner: Discovering "/home/jonathascalderon/code/riqo-agency/src/app/api/admin"
2025-09-05T12:16:41.613264Z  INFO scan_sources: tailwindcss_oxide::scanner: Discovering "/home/jonathascalderon/code/riqo-agency/src/app/api/admin/configure-user"
2025-09-05T12:16:41.613370Z  INFO scan_sources: tailwindcss_oxide::scanner: Discovering "/home/jonathascalderon/code/riqo-agency/src/app/api/admin/get-user-by-email"
2025-09-05T12:16:41.613547Z  INFO scan_sources: tailwindcss_oxide::scanner: Discovering "/home/jonathascalderon/code/riqo-agency/src/app/dashboard"
2025-09-05T12:16:41.613750Z  INFO scan_sources: tailwindcss_oxide::scanner: Discovering "/home/jonathascalderon/code/riqo-agency/src/app/auth"
2025-09-05T12:16:41.614044Z  INFO scan_sources: tailwindcss_oxide::scanner: Discovering "/home/jonathascalderon/code/riqo-agency/src/app/auth/signup"
2025-09-05T12:16:41.614199Z  INFO scan_sources: tailwindcss_oxide::scanner: Discovering "/home/jonathascalderon/code/riqo-agency/src/app/auth/signin"
2025-09-05T12:16:41.614401Z  INFO scan_sources: tailwindcss_oxide::scanner: Discovering "/home/jonathascalderon/code/riqo-agency/src/app/[locale]"
2025-09-05T12:16:41.614527Z  INFO scan_sources: tailwindcss_oxide::scanner: Discovering "/home/jonathascalderon/code/riqo-agency/src/app/[locale]/dashboard"
2025-09-05T12:16:41.614701Z  INFO scan_sources: tailwindcss_oxide::scanner: Discovering "/home/jonathascalderon/code/riqo-agency/src/app/[locale]/auth"
2025-09-05T12:16:41.614826Z  INFO scan_sources: tailwindcss_oxide::scanner: Discovering "/home/jonathascalderon/code/riqo-agency/src/app/[locale]/auth/signup"
2025-09-05T12:16:41.615005Z  INFO scan_sources: tailwindcss_oxide::scanner: Discovering "/home/jonathascalderon/code/riqo-agency/src/app/[locale]/auth/signin"
2025-09-05T12:16:41.615233Z  INFO scan_sources: tailwindcss_oxide::scanner: Discovering "/home/jonathascalderon/code/riqo-agency/src/components"
2025-09-05T12:16:41.615410Z  INFO scan_sources: tailwindcss_oxide::scanner: Discovering "/home/jonathascalderon/code/riqo-agency/src/components/auth"
2025-09-05T12:16:41.615612Z  INFO scan_sources: tailwindcss_oxide::scanner: Discovering "/home/jonathascalderon/code/riqo-agency/src/components/sections"
2025-09-05T12:16:41.615856Z  INFO scan_sources: tailwindcss_oxide::scanner: Discovering "/home/jonathascalderon/code/riqo-agency/src/components/ui"
2025-09-05T12:16:41.616088Z  INFO scan_sources: tailwindcss_oxide::scanner: Discovering "/home/jonathascalderon/code/riqo-agency/src/types"
2025-09-05T12:16:41.616267Z  INFO scan_sources: tailwindcss_oxide::scanner: Discovering "/home/jonathascalderon/code/riqo-agency/src/lib"
2025-09-05T12:16:41.616408Z  INFO scan_sources: tailwindcss_oxide::scanner: Discovering "/home/jonathascalderon/code/riqo-agency/src/lib/auth"
2025-09-05T12:16:41.616609Z  INFO scan_sources: tailwindcss_oxide::scanner: Discovering "/home/jonathascalderon/code/riqo-agency/src/lib/supabase"
2025-09-05T12:16:41.616813Z  INFO scan_sources: tailwindcss_oxide::scanner: Discovering "/home/jonathascalderon/code/riqo-agency/src/i18n"
2025-09-05T12:16:41.617065Z  INFO scan_sources: tailwindcss_oxide::scanner: Discovering "/home/jonathascalderon/code/riqo-agency/scripts"
2025-09-05T12:16:41.617240Z  INFO scan_sources: tailwindcss_oxide::scanner: Discovering "/home/jonathascalderon/code/riqo-agency/supabase"
2025-09-05T12:16:41.617382Z  INFO scan_sources: tailwindcss_oxide::scanner: Discovering "/home/jonathascalderon/code/riqo-agency/supabase/migrations"
2025-09-05T12:16:41.617658Z  INFO scan_sources: tailwindcss_oxide::scanner: exit
2025-09-05T12:16:41.617706Z  INFO extract_candidates: tailwindcss_oxide::scanner: enter
2025-09-05T12:16:41.617733Z  INFO extract_candidates:read_all_files: tailwindcss_oxide::scanner: enter
2025-09-05T12:16:41.617741Z  INFO extract_candidates:read_all_files: tailwindcss_oxide::scanner: Reading 1 file(s)
2025-09-05T12:16:41.617799Z  INFO extract_candidates:read_all_files: tailwindcss_oxide::scanner: Reading "/home/jonathascalderon/code/riqo-agency/src/app/api/upload/route.ts"
2025-09-05T12:16:41.617857Z  INFO extract_candidates:read_all_files: tailwindcss_oxide::scanner: exit
2025-09-05T12:16:41.617875Z  INFO extract_candidates:parse_all_blobs: tailwindcss_oxide::scanner: enter
2025-09-05T12:16:41.617884Z  INFO extract_candidates:parse_all_blobs:extract: tailwindcss_oxide::scanner: enter
2025-09-05T12:16:41.619311Z  INFO extract_candidates:parse_all_blobs:extract: tailwindcss_oxide::scanner: exit
2025-09-05T12:16:41.619404Z  INFO extract_candidates:parse_all_blobs: tailwindcss_oxide::scanner: exit
2025-09-05T12:16:41.619812Z  INFO extract_candidates: tailwindcss_oxide::scanner: exit
2025-09-05T12:16:41.624120Z  INFO get_files: tailwindcss_oxide::scanner: enter
2025-09-05T12:16:41.624265Z  INFO get_files:scan_sources: tailwindcss_oxide::scanner: enter
2025-09-05T12:16:41.625361Z  INFO get_files:scan_sources: tailwindcss_oxide::scanner: Discovering "/home/jonathascalderon/code/riqo-agency/messages"
2025-09-05T12:16:41.626765Z  INFO get_files:scan_sources: tailwindcss_oxide::scanner: Discovering "/home/jonathascalderon/code/riqo-agency/.github"
2025-09-05T12:16:41.627511Z  INFO get_files:scan_sources: tailwindcss_oxide::scanner: Discovering "/home/jonathascalderon/code/riqo-agency/.github/workflows"
2025-09-05T12:16:41.628470Z  INFO get_files:scan_sources: tailwindcss_oxide::scanner: Discovering "/home/jonathascalderon/code/riqo-agency/public"
2025-09-05T12:16:41.628747Z  INFO get_files:scan_sources: tailwindcss_oxide::scanner: Discovering "/home/jonathascalderon/code/riqo-agency/public/clients"
2025-09-05T12:16:41.628992Z  INFO get_files:scan_sources: tailwindcss_oxide::scanner: Discovering "/home/jonathascalderon/code/riqo-agency/src"
2025-09-05T12:16:41.629209Z  INFO get_files:scan_sources: tailwindcss_oxide::scanner: Discovering "/home/jonathascalderon/code/riqo-agency/src/app"
2025-09-05T12:16:41.629422Z  INFO get_files:scan_sources: tailwindcss_oxide::scanner: Discovering "/home/jonathascalderon/code/riqo-agency/src/app/api"
2025-09-05T12:16:41.629600Z  INFO get_files:scan_sources: tailwindcss_oxide::scanner: Discovering "/home/jonathascalderon/code/riqo-agency/src/app/api/test-client-db"
2025-09-05T12:16:41.629733Z  INFO get_files:scan_sources: tailwindcss_oxide::scanner: Discovering "/home/jonathascalderon/code/riqo-agency/src/app/api/upload"
2025-09-05T12:16:41.629816Z  INFO get_files:scan_sources: tailwindcss_oxide::scanner: Discovering "/home/jonathascalderon/code/riqo-agency/src/app/api/upload/status"
2025-09-05T12:16:41.629894Z  INFO get_files:scan_sources: tailwindcss_oxide::scanner: Discovering "/home/jonathascalderon/code/riqo-agency/src/app/api/upload/status/[uploadId]"
2025-09-05T12:16:41.630060Z  INFO get_files:scan_sources: tailwindcss_oxide::scanner: Discovering "/home/jonathascalderon/code/riqo-agency/src/app/api/debug-csv"
2025-09-05T12:16:41.630159Z  INFO get_files:scan_sources: tailwindcss_oxide::scanner: Discovering "/home/jonathascalderon/code/riqo-agency/src/app/api/debug-client-db"
2025-09-05T12:16:41.630295Z  INFO get_files:scan_sources: tailwindcss_oxide::scanner: Discovering "/home/jonathascalderon/code/riqo-agency/src/app/api/clients"
2025-09-05T12:16:41.630415Z  INFO get_files:scan_sources: tailwindcss_oxide::scanner: Discovering "/home/jonathascalderon/code/riqo-agency/src/app/api/admin"
2025-09-05T12:16:41.630506Z  INFO get_files:scan_sources: tailwindcss_oxide::scanner: Discovering "/home/jonathascalderon/code/riqo-agency/src/app/api/admin/configure-user"
2025-09-05T12:16:41.630652Z  INFO get_files:scan_sources: tailwindcss_oxide::scanner: Discovering "/home/jonathascalderon/code/riqo-agency/src/app/api/admin/get-user-by-email"
2025-09-05T12:16:41.630808Z  INFO get_files:scan_sources: tailwindcss_oxide::scanner: Discovering "/home/jonathascalderon/code/riqo-agency/src/app/dashboard"
2025-09-05T12:16:41.630920Z  INFO get_files:scan_sources: tailwindcss_oxide::scanner: Discovering "/home/jonathascalderon/code/riqo-agency/src/app/auth"
2025-09-05T12:16:41.630990Z  INFO get_files:scan_sources: tailwindcss_oxide::scanner: Discovering "/home/jonathascalderon/code/riqo-agency/src/app/auth/signup"
2025-09-05T12:16:41.631120Z  INFO get_files:scan_sources: tailwindcss_oxide::scanner: Discovering "/home/jonathascalderon/code/riqo-agency/src/app/auth/signin"
2025-09-05T12:16:41.631225Z  INFO get_files:scan_sources: tailwindcss_oxide::scanner: Discovering "/home/jonathascalderon/code/riqo-agency/src/app/[locale]"
2025-09-05T12:16:41.631298Z  INFO get_files:scan_sources: tailwindcss_oxide::scanner: Discovering "/home/jonathascalderon/code/riqo-agency/src/app/[locale]/dashboard"
2025-09-05T12:16:41.631413Z  INFO get_files:scan_sources: tailwindcss_oxide::scanner: Discovering "/home/jonathascalderon/code/riqo-agency/src/app/[locale]/auth"
2025-09-05T12:16:41.631496Z  INFO get_files:scan_sources: tailwindcss_oxide::scanner: Discovering "/home/jonathascalderon/code/riqo-agency/src/app/[locale]/auth/signup"
2025-09-05T12:16:41.631635Z  INFO get_files:scan_sources: tailwindcss_oxide::scanner: Discovering "/home/jonathascalderon/code/riqo-agency/src/app/[locale]/auth/signin"
2025-09-05T12:16:41.631833Z  INFO get_files:scan_sources: tailwindcss_oxide::scanner: Discovering "/home/jonathascalderon/code/riqo-agency/src/components"
2025-09-05T12:16:41.631966Z  INFO get_files:scan_sources: tailwindcss_oxide::scanner: Discovering "/home/jonathascalderon/code/riqo-agency/src/components/auth"
2025-09-05T12:16:41.632149Z  INFO get_files:scan_sources: tailwindcss_oxide::scanner: Discovering "/home/jonathascalderon/code/riqo-agency/src/components/sections"
2025-09-05T12:16:41.632409Z  INFO get_files:scan_sources: tailwindcss_oxide::scanner: Discovering "/home/jonathascalderon/code/riqo-agency/src/components/ui"
2025-09-05T12:16:41.632598Z  INFO get_files:scan_sources: tailwindcss_oxide::scanner: Discovering "/home/jonathascalderon/code/riqo-agency/src/types"
2025-09-05T12:16:41.632781Z  INFO get_files:scan_sources: tailwindcss_oxide::scanner: Discovering "/home/jonathascalderon/code/riqo-agency/src/lib"
2025-09-05T12:16:41.632916Z  INFO get_files:scan_sources: tailwindcss_oxide::scanner: Discovering "/home/jonathascalderon/code/riqo-agency/src/lib/auth"
2025-09-05T12:16:41.633125Z  INFO get_files:scan_sources: tailwindcss_oxide::scanner: Discovering "/home/jonathascalderon/code/riqo-agency/src/lib/supabase"
2025-09-05T12:16:41.633336Z  INFO get_files:scan_sources: tailwindcss_oxide::scanner: Discovering "/home/jonathascalderon/code/riqo-agency/src/i18n"
2025-09-05T12:16:41.633543Z  INFO get_files:scan_sources: tailwindcss_oxide::scanner: Discovering "/home/jonathascalderon/code/riqo-agency/scripts"
2025-09-05T12:16:41.633711Z  INFO get_files:scan_sources: tailwindcss_oxide::scanner: Discovering "/home/jonathascalderon/code/riqo-agency/supabase"
2025-09-05T12:16:41.633821Z  INFO get_files:scan_sources: tailwindcss_oxide::scanner: Discovering "/home/jonathascalderon/code/riqo-agency/supabase/migrations"
2025-09-05T12:16:41.634094Z  INFO get_files:scan_sources: tailwindcss_oxide::scanner: exit
2025-09-05T12:16:41.635415Z  INFO get_files: tailwindcss_oxide::scanner: exit
2025-09-05T12:16:41.635841Z  INFO get_globs: tailwindcss_oxide::scanner: enter
2025-09-05T12:16:41.635905Z  INFO get_globs: tailwindcss_oxide::scanner: exit
2025-09-05T12:16:41.720752Z  INFO scan_sources: tailwindcss_oxide::scanner: enter
2025-09-05T12:16:41.721726Z  INFO scan_sources: tailwindcss_oxide::scanner: Discovering "/home/jonathascalderon/code/riqo-agency/messages"
2025-09-05T12:16:41.722391Z  INFO scan_sources: tailwindcss_oxide::scanner: Discovering "/home/jonathascalderon/code/riqo-agency/.github"
2025-09-05T12:16:41.722519Z  INFO scan_sources: tailwindcss_oxide::scanner: Discovering "/home/jonathascalderon/code/riqo-agency/.github/workflows"
2025-09-05T12:16:41.722622Z  INFO scan_sources: tailwindcss_oxide::scanner: Discovering "/home/jonathascalderon/code/riqo-agency/public"
2025-09-05T12:16:41.722807Z  INFO scan_sources: tailwindcss_oxide::scanner: Discovering "/home/jonathascalderon/code/riqo-agency/public/clients"
2025-09-05T12:16:41.722992Z  INFO scan_sources: tailwindcss_oxide::scanner: Discovering "/home/jonathascalderon/code/riqo-agency/src"
2025-09-05T12:16:41.723112Z  INFO scan_sources: tailwindcss_oxide::scanner: Discovering "/home/jonathascalderon/code/riqo-agency/src/app"
2025-09-05T12:16:41.723250Z  INFO scan_sources: tailwindcss_oxide::scanner: Discovering "/home/jonathascalderon/code/riqo-agency/src/app/api"
2025-09-05T12:16:41.723380Z  INFO scan_sources: tailwindcss_oxide::scanner: Discovering "/home/jonathascalderon/code/riqo-agency/src/app/api/test-client-db"
2025-09-05T12:16:41.723521Z  INFO scan_sources: tailwindcss_oxide::scanner: Discovering "/home/jonathascalderon/code/riqo-agency/src/app/api/upload"
2025-09-05T12:16:41.723630Z  INFO scan_sources: tailwindcss_oxide::scanner: Discovering "/home/jonathascalderon/code/riqo-agency/src/app/api/upload/status"
2025-09-05T12:16:41.723723Z  INFO scan_sources: tailwindcss_oxide::scanner: Discovering "/home/jonathascalderon/code/riqo-agency/src/app/api/upload/status/[uploadId]"
2025-09-05T12:16:41.723821Z  INFO scan_sources: tailwindcss_oxide::scanner: Discovering "/home/jonathascalderon/code/riqo-agency/src/app/api/debug-csv"
2025-09-05T12:16:41.723920Z  INFO scan_sources: tailwindcss_oxide::scanner: Discovering "/home/jonathascalderon/code/riqo-agency/src/app/api/debug-client-db"
2025-09-05T12:16:41.723989Z  INFO scan_sources: tailwindcss_oxide::scanner: Discovering "/home/jonathascalderon/code/riqo-agency/src/app/api/clients"
2025-09-05T12:16:41.724085Z  INFO scan_sources: tailwindcss_oxide::scanner: Discovering "/home/jonathascalderon/code/riqo-agency/src/app/api/admin"
2025-09-05T12:16:41.724214Z  INFO scan_sources: tailwindcss_oxide::scanner: Discovering "/home/jonathascalderon/code/riqo-agency/src/app/api/admin/configure-user"
2025-09-05T12:16:41.724376Z  INFO scan_sources: tailwindcss_oxide::scanner: Discovering "/home/jonathascalderon/code/riqo-agency/src/app/api/admin/get-user-by-email"
2025-09-05T12:16:41.724519Z  INFO scan_sources: tailwindcss_oxide::scanner: Discovering "/home/jonathascalderon/code/riqo-agency/src/app/dashboard"
2025-09-05T12:16:41.724632Z  INFO scan_sources: tailwindcss_oxide::scanner: Discovering "/home/jonathascalderon/code/riqo-agency/src/app/auth"
2025-09-05T12:16:41.724714Z  INFO scan_sources: tailwindcss_oxide::scanner: Discovering "/home/jonathascalderon/code/riqo-agency/src/app/auth/signup"
2025-09-05T12:16:41.724781Z  INFO scan_sources: tailwindcss_oxide::scanner: Discovering "/home/jonathascalderon/code/riqo-agency/src/app/auth/signin"
2025-09-05T12:16:41.724911Z  INFO scan_sources: tailwindcss_oxide::scanner: Discovering "/home/jonathascalderon/code/riqo-agency/src/app/[locale]"
2025-09-05T12:16:41.724992Z  INFO scan_sources: tailwindcss_oxide::scanner: Discovering "/home/jonathascalderon/code/riqo-agency/src/app/[locale]/dashboard"
2025-09-05T12:16:41.725071Z  INFO scan_sources: tailwindcss_oxide::scanner: Discovering "/home/jonathascalderon/code/riqo-agency/src/app/[locale]/auth"
2025-09-05T12:16:41.725153Z  INFO scan_sources: tailwindcss_oxide::scanner: Discovering "/home/jonathascalderon/code/riqo-agency/src/app/[locale]/auth/signup"
2025-09-05T12:16:41.725299Z  INFO scan_sources: tailwindcss_oxide::scanner: Discovering "/home/jonathascalderon/code/riqo-agency/src/app/[locale]/auth/signin"
2025-09-05T12:16:41.725494Z  INFO scan_sources: tailwindcss_oxide::scanner: Discovering "/home/jonathascalderon/code/riqo-agency/src/components"
2025-09-05T12:16:41.725640Z  INFO scan_sources: tailwindcss_oxide::scanner: Discovering "/home/jonathascalderon/code/riqo-agency/src/components/auth"
2025-09-05T12:16:41.725830Z  INFO scan_sources: tailwindcss_oxide::scanner: Discovering "/home/jonathascalderon/code/riqo-agency/src/components/sections"
2025-09-05T12:16:41.726043Z  INFO scan_sources: tailwindcss_oxide::scanner: Discovering "/home/jonathascalderon/code/riqo-agency/src/components/ui"
2025-09-05T12:16:41.726331Z  INFO scan_sources: tailwindcss_oxide::scanner: Discovering "/home/jonathascalderon/code/riqo-agency/src/types"
2025-09-05T12:16:41.726462Z  INFO scan_sources: tailwindcss_oxide::scanner: Discovering "/home/jonathascalderon/code/riqo-agency/src/lib"
2025-09-05T12:16:41.726587Z  INFO scan_sources: tailwindcss_oxide::scanner: Discovering "/home/jonathascalderon/code/riqo-agency/src/lib/auth"
2025-09-05T12:16:41.726736Z  INFO scan_sources: tailwindcss_oxide::scanner: Discovering "/home/jonathascalderon/code/riqo-agency/src/lib/supabase"
2025-09-05T12:16:41.726905Z  INFO scan_sources: tailwindcss_oxide::scanner: Discovering "/home/jonathascalderon/code/riqo-agency/src/i18n"
2025-09-05T12:16:41.727095Z  INFO scan_sources: tailwindcss_oxide::scanner: Discovering "/home/jonathascalderon/code/riqo-agency/scripts"
2025-09-05T12:16:41.727243Z  INFO scan_sources: tailwindcss_oxide::scanner: Discovering "/home/jonathascalderon/code/riqo-agency/supabase"
2025-09-05T12:16:41.727338Z  INFO scan_sources: tailwindcss_oxide::scanner: Discovering "/home/jonathascalderon/code/riqo-agency/supabase/migrations"
2025-09-05T12:16:41.727523Z  INFO scan_sources: tailwindcss_oxide::scanner: exit
2025-09-05T12:16:41.727615Z  INFO extract_candidates: tailwindcss_oxide::scanner: enter
2025-09-05T12:16:41.727631Z  INFO extract_candidates:read_all_files: tailwindcss_oxide::scanner: enter
2025-09-05T12:16:41.727643Z  INFO extract_candidates:read_all_files: tailwindcss_oxide::scanner: Reading 0 file(s)
2025-09-05T12:16:41.727660Z  INFO extract_candidates:read_all_files: tailwindcss_oxide::scanner: exit
2025-09-05T12:16:41.727671Z  INFO extract_candidates:parse_all_blobs: tailwindcss_oxide::scanner: enter
2025-09-05T12:16:41.727680Z  INFO extract_candidates:parse_all_blobs:extract: tailwindcss_oxide::scanner: enter
2025-09-05T12:16:41.727690Z  INFO extract_candidates:parse_all_blobs:extract: tailwindcss_oxide::scanner: exit
2025-09-05T12:16:41.727748Z  INFO extract_candidates:parse_all_blobs: tailwindcss_oxide::scanner: exit
2025-09-05T12:16:41.727764Z  INFO extract_candidates: tailwindcss_oxide::scanner: exit
2025-09-05T12:16:41.729055Z  INFO get_files: tailwindcss_oxide::scanner: enter
2025-09-05T12:16:41.729134Z  INFO get_files:scan_sources: tailwindcss_oxide::scanner: enter
2025-09-05T12:16:41.730495Z  INFO get_files:scan_sources: tailwindcss_oxide::scanner: Discovering "/home/jonathascalderon/code/riqo-agency/messages"
2025-09-05T12:16:41.731631Z  INFO get_files:scan_sources: tailwindcss_oxide::scanner: Discovering "/home/jonathascalderon/code/riqo-agency/.github"
2025-09-05T12:16:41.731799Z  INFO get_files:scan_sources: tailwindcss_oxide::scanner: Discovering "/home/jonathascalderon/code/riqo-agency/.github/workflows"
2025-09-05T12:16:41.731961Z  INFO get_files:scan_sources: tailwindcss_oxide::scanner: Discovering "/home/jonathascalderon/code/riqo-agency/public"
2025-09-05T12:16:41.732268Z  INFO get_files:scan_sources: tailwindcss_oxide::scanner: Discovering "/home/jonathascalderon/code/riqo-agency/public/clients"
2025-09-05T12:16:41.732525Z  INFO get_files:scan_sources: tailwindcss_oxide::scanner: Discovering "/home/jonathascalderon/code/riqo-agency/src"
2025-09-05T12:16:41.732646Z  INFO get_files:scan_sources: tailwindcss_oxide::scanner: Discovering "/home/jonathascalderon/code/riqo-agency/src/app"
2025-09-05T12:16:41.732831Z  INFO get_files:scan_sources: tailwindcss_oxide::scanner: Discovering "/home/jonathascalderon/code/riqo-agency/src/app/api"
2025-09-05T12:16:41.732986Z  INFO get_files:scan_sources: tailwindcss_oxide::scanner: Discovering "/home/jonathascalderon/code/riqo-agency/src/app/api/test-client-db"
2025-09-05T12:16:41.733173Z  INFO get_files:scan_sources: tailwindcss_oxide::scanner: Discovering "/home/jonathascalderon/code/riqo-agency/src/app/api/upload"
2025-09-05T12:16:41.733356Z  INFO get_files:scan_sources: tailwindcss_oxide::scanner: Discovering "/home/jonathascalderon/code/riqo-agency/src/app/api/upload/status"
2025-09-05T12:16:41.733447Z  INFO get_files:scan_sources: tailwindcss_oxide::scanner: Discovering "/home/jonathascalderon/code/riqo-agency/src/app/api/upload/status/[uploadId]"
2025-09-05T12:16:41.733726Z  INFO get_files:scan_sources: tailwindcss_oxide::scanner: Discovering "/home/jonathascalderon/code/riqo-agency/src/app/api/debug-csv"
2025-09-05T12:16:41.733948Z  INFO get_files:scan_sources: tailwindcss_oxide::scanner: Discovering "/home/jonathascalderon/code/riqo-agency/src/app/api/debug-client-db"
2025-09-05T12:16:41.734074Z  INFO get_files:scan_sources: tailwindcss_oxide::scanner: Discovering "/home/jonathascalderon/code/riqo-agency/src/app/api/clients"
2025-09-05T12:16:41.734218Z  INFO get_files:scan_sources: tailwindcss_oxide::scanner: Discovering "/home/jonathascalderon/code/riqo-agency/src/app/api/admin"
2025-09-05T12:16:41.734372Z  INFO get_files:scan_sources: tailwindcss_oxide::scanner: Discovering "/home/jonathascalderon/code/riqo-agency/src/app/api/admin/configure-user"
2025-09-05T12:16:41.734525Z  INFO get_files:scan_sources: tailwindcss_oxide::scanner: Discovering "/home/jonathascalderon/code/riqo-agency/src/app/api/admin/get-user-by-email"
2025-09-05T12:16:41.734681Z  INFO get_files:scan_sources: tailwindcss_oxide::scanner: Discovering "/home/jonathascalderon/code/riqo-agency/src/app/dashboard"
2025-09-05T12:16:41.734933Z  INFO get_files:scan_sources: tailwindcss_oxide::scanner: Discovering "/home/jonathascalderon/code/riqo-agency/src/app/auth"
2025-09-05T12:16:41.735065Z  INFO get_files:scan_sources: tailwindcss_oxide::scanner: Discovering "/home/jonathascalderon/code/riqo-agency/src/app/auth/signup"
2025-09-05T12:16:41.735142Z  INFO get_files:scan_sources: tailwindcss_oxide::scanner: Discovering "/home/jonathascalderon/code/riqo-agency/src/app/auth/signin"
2025-09-05T12:16:41.735254Z  INFO get_files:scan_sources: tailwindcss_oxide::scanner: Discovering "/home/jonathascalderon/code/riqo-agency/src/app/[locale]"
2025-09-05T12:16:41.735311Z  INFO get_files:scan_sources: tailwindcss_oxide::scanner: Discovering "/home/jonathascalderon/code/riqo-agency/src/app/[locale]/dashboard"
2025-09-05T12:16:41.735406Z  INFO get_files:scan_sources: tailwindcss_oxide::scanner: Discovering "/home/jonathascalderon/code/riqo-agency/src/app/[locale]/auth"
2025-09-05T12:16:41.735529Z  INFO get_files:scan_sources: tailwindcss_oxide::scanner: Discovering "/home/jonathascalderon/code/riqo-agency/src/app/[locale]/auth/signup"
2025-09-05T12:16:41.735633Z  INFO get_files:scan_sources: tailwindcss_oxide::scanner: Discovering "/home/jonathascalderon/code/riqo-agency/src/app/[locale]/auth/signin"
2025-09-05T12:16:41.735775Z  INFO get_files:scan_sources: tailwindcss_oxide::scanner: Discovering "/home/jonathascalderon/code/riqo-agency/src/components"
2025-09-05T12:16:41.735913Z  INFO get_files:scan_sources: tailwindcss_oxide::scanner: Discovering "/home/jonathascalderon/code/riqo-agency/src/components/auth"
2025-09-05T12:16:41.736093Z  INFO get_files:scan_sources: tailwindcss_oxide::scanner: Discovering "/home/jonathascalderon/code/riqo-agency/src/components/sections"
2025-09-05T12:16:41.736311Z  INFO get_files:scan_sources: tailwindcss_oxide::scanner: Discovering "/home/jonathascalderon/code/riqo-agency/src/components/ui"
2025-09-05T12:16:41.736516Z  INFO get_files:scan_sources: tailwindcss_oxide::scanner: Discovering "/home/jonathascalderon/code/riqo-agency/src/types"
2025-09-05T12:16:41.736659Z  INFO get_files:scan_sources: tailwindcss_oxide::scanner: Discovering "/home/jonathascalderon/code/riqo-agency/src/lib"
2025-09-05T12:16:41.736825Z  INFO get_files:scan_sources: tailwindcss_oxide::scanner: Discovering "/home/jonathascalderon/code/riqo-agency/src/lib/auth"
2025-09-05T12:16:41.737003Z  INFO get_files:scan_sources: tailwindcss_oxide::scanner: Discovering "/home/jonathascalderon/code/riqo-agency/src/lib/supabase"
2025-09-05T12:16:41.737574Z  INFO get_files:scan_sources: tailwindcss_oxide::scanner: Discovering "/home/jonathascalderon/code/riqo-agency/src/i18n"
2025-09-05T12:16:41.737990Z  INFO get_files:scan_sources: tailwindcss_oxide::scanner: Discovering "/home/jonathascalderon/code/riqo-agency/scripts"
2025-09-05T12:16:41.738352Z  INFO get_files:scan_sources: tailwindcss_oxide::scanner: Discovering "/home/jonathascalderon/code/riqo-agency/supabase"
2025-09-05T12:16:41.738515Z  INFO get_files:scan_sources: tailwindcss_oxide::scanner: Discovering "/home/jonathascalderon/code/riqo-agency/supabase/migrations"
2025-09-05T12:16:41.738826Z  INFO get_files:scan_sources: tailwindcss_oxide::scanner: exit
2025-09-05T12:16:41.739334Z  INFO get_files: tailwindcss_oxide::scanner: exit
2025-09-05T12:16:41.739620Z  INFO get_globs: tailwindcss_oxide::scanner: enter
2025-09-05T12:16:41.739676Z  INFO get_globs: tailwindcss_oxide::scanner: exit
